"Student Details USN","Name","SDDE CAE-1
 [40]","CAE-2
 [40]","TAE-1
 [10]","TAE-2
 [5]","TAE-3
 [5]","ESE
 [60]","Internals
[40]","Total
 [100]","Grade","AP CAE-1
 [20]","CAE-2
 [20]","TAE-1
 [5]","TAE-2
 [2.5]","TAE-3
 [2.5]","ESE
 [30]","Internals
[20]","Total
 [50]","Grade","APL Continious Assessment
 [80]","Experiential Learning
 [10]","Practical
 [25]","Total
 [50]","Grade","EGD CAE-1
 [40]","CAE-2
 [40]","TAE-1
 [10]","TAE-2
 [5]","TAE-3
 [5]","ESE
 [60]","Internals
[40]","Total
 [100]","Grade","EGDL Continious Assessment
 [80]","Experiential Learning
 [10]","Practical
 [25]","Total
 [50]","Grade","HN Continious Assessment
 [195]","Experiential Learning
 [10]","Practical
 [25]","Total
 [50]","Grade","PPS Unit Test - 1
 [30]","Unit Test - 2
 [30]","Unit Test - 3
 [30]","Unit Test - 4
 [30]","Unit Test - 5
 [30]","Unit Test - 6
 [30]","ESE
 [60]","Internals
[40]","Total
 [100]","Grade","PPSL Continious Assessment
 [150]","Experiential Learning
 [10]","Practical
 [25]","Total
 [50]","Grade","IKS CAE-1
 [20]","CAE-2
 [20]","ESE
 [30]","Internals
[20]","Total
 [50]","Grade","LLC-1 Objective Test
 [20]","Report
 [20]","Attendance
 [10]","Total","Grade","INCENTIVES Grade","Incentives","Grade Points SDDE","AP","APL","EGD","EGDL","HN","PPS","PPSL","IKS","LLC-1","INCENTIVES","Credits Points SDDE","AP","APL","EGD","EGDL","HN","PPS","PPSL","IKS","LLC-1","INCENTIVES","TOTALS Total Credits","SGPA","PASS
OR
FAIL","",""
"CS25128","ADITI KARAN","35.50","37.00","9.5","4.5","5","53.5","37","90.50","O","11.5","15","5","2.5","2.5","26","17","43.00","A+","74","9","20","42.88","O","19.5","36.5","9","5","5","55","36","91.00","O","80","8","20","41.33","B+","10.36","9","22","41.36","A+","14.67","26","23","17","12","14.34","45","27.00","72.00","A+","136","9","21","43.60","A+","0","15","20","15","35.00","A","18","6","15","39","A","P","0","10","9","10","10","14","9","9","9","8","8","0","40","18","10","10","14","18","27","18","16","16","0","187","8.90","PASS","",""
"CS25129","ADITYA YOGESH BHURSE","9.50","3.50","9","3.5","5","23","22","45.00","B","6","1.5","4","2","2.19","1.5","11","12.50","F","68","9","5","25.33","C","22.5","26","8","5","5","37","31","68.00","A","78","8","20","41.00","B+","11.45","10","22","43.45","A+","24.67","28","19","4","18","0","26.33","30.00","56.33","B+","141","9","15","38.10","B+","11","14","18","25","43.00","A+","18","13","8","39","A","P","0","6","0","5","8","14","9","7","7","9","8","0","24","0","5","8","14","18","21","14","18","16","0","138","6.57","FAIL","",""
"CS25130","AKANSHA PRASHANT SHARMA","11.00","14.50","7.5","4","2","35.5","20","55.50","B+","11.5","6","4","1.5","2.25","11.5","13","24.50","B","62","6","15","31.33","B","17.5","18","4","4","5","22","22","44.00","C","65","7","16","33.83","C","8.27","9","16","33.27","B+","5","29","25","19","16.33","0","42","30.00","72.00","A+","117","6","20","37.70","B+","11","14.5","18","26","44.00","A+","19.5","13","2","34.5","B+","P","0","7","6","6","5","10","7","9","7","9","7","0","28","12","6","5","10","14","27","14","18","14","0","148","7.05","PASS","",""
"CS25131","ANIKET UMESH SONWANE","11.50","16.00","8.5","4","5","29","25","54.00","B+","10.5","12","5","2.5","1.06","21","14","35.00","A","75","10","13","35.50","B+","26.5","35","10","5","5","59.5","37","96.50","O","81","8","20","41.50","A","12.91","10","25","47.91","O","25.67","29","29","25","29","29.67","60","39.00","99.00","O","143","10","24","48.30","O","12.5","14.5","18","27","45.00","O","19","16","10","45","O","P","0","7","8","7","10","16","10","10","10","10","10","0","28","16","7","10","16","20","30","20","20","20","0","187","8.90","PASS","",""
"CS25132","ANKIT ASHWIN ITANKAR","25.00","30.00","9","4","5","35.5","33","68.50","A","15","15","5","2.5","2.31","19.5","17","36.50","A","78","10","16","39.00","A+","30.5","36","9","5","5","57","36","93.00","O","80","8","20","41.33","B+","12.73","10","23","45.73","O","24.67","28","29","24","28","15","44","37.00","81.00","A+","144","10","22","46.40","A+","15","14","20","29","49.00","O","19.5","18","10","47.5","O","D","4","8","8","9","10","14","10","9","9","10","10","4","32","16","9","10","14","20","27","18","20","20","4","190","9.05","PASS","",""
"CS25133","ASAWARI SURESH CHICHMALKAR","7.00","21.50","8.5","4","1","27","23","50.00","B+","9","7.5","5","2","2.44","12","14","26.00","B","64","9","15","34.67","B+","15.5","26","8","4","0","39.5","24","63.50","A","67","6","15","32.17","C","9.09","3","17","29.09","C","0","28","23","7","10","0","16","23.00","39.00","C","111","7","13","31.10","C","8","12","20","20","40.00","A+","19","15","2","36","B+","P","0","7","6","7","8","10","5","5","5","9","7","0","28","12","7","8","10","10","15","10","18","14","0","132","6.28","PASS","",""
"CS25134","ATHARVA BALU JADHAV","3.50","4.50","7.5","3.5","5","0","18","18.00","F","4","2","4","2","0.25","1.5","8","9.50","F","64","8","4","22.67","F","17.5","18","6","2","5","41","22","63.00","A","68","7","16","34.33","C","10.36","3","18","31.36","B","26.67","27","18","19","0","10.66","48","30.00","78.00","A+","135","8","18","39.50","A","9.5","9.5","17","19","36.00","A","18.5","12","4","34.5","B+","P","0","0","0","0","8","10","6","9","8","8","7","0","0","0","0","8","10","12","27","16","16","14","0","103","4.90","FAIL","",""
"CS25135","ATHARVA PRADIP PANNASE","2.50","10.00","7","4","5","0","20","20.00","F","8","4","4","1.5","2.44","1.5","12","13.50","F","67","6","15","32.17","B","8.5","4.6","7","2","3","15","16","31.00","C","65","6","9","25.83","C","8.45","3","18","29.45","C","12.67","28","15.5","16.5","8","17.67","46","26.00","72.00","A+","115","6","13","30.50","C","4.5","5.5","17","10","27.00","B","19","11","0","30","B","P","0","0","0","6","5","10","5","9","5","6","6","0","0","0","6","5","10","10","27","10","12","12","0","92","4.38","FAIL","",""
"CS25136","AYAN SHOUKT SAYYED","10.00","9.00","8","3.5","0","0","16","16.00","F","8","3.5","4","1.5","1.25","0","10","10.00","F","59","7","15","31.83","B","9","6.5","6","2","3","14","15","29.00","F","58","6","15","30.67","C","7.64","3","18","28.64","C","11","8.33","13.5","2","11.5","18.67","34","18.00","52.00","B+","74","6","3","16.40","F","7","7","18","14","32.00","B+","19.5","10","0","29.5","B","P","0","0","0","6","0","10","5","7","0","7","6","0","0","0","6","0","10","10","21","0","14","12","0","73","3.48","FAIL","",""
"CS25137","AYUSHI GADGE","12.50","22.50","8","4","4","27","26","53.00","B+","13.5","10","5","2.5","2.31","21","16","37.00","A","66","10","11","32.00","B","24","33","9","5","5","51","35","86.00","A+","79","9","20","42.17","A","9.91","3","21","33.91","B+","24.67","26","29","18.5","17","0","58","33.00","91.00","O","135","8","20","41.50","A","9.5","15","18","25","43.00","A+","19","16","2","37","B+","P","0","7","8","6","9","16","7","10","8","9","7","0","28","16","6","9","16","14","30","16","18","14","0","167","7.95","PASS","",""
"CS25138","BINA MUKESH TANTI","7.50","7.50","7.5","3.5","5","5.5","20","25.50","F","8.5","4.5","4","2","2.38","26","12","38.00","A","71","7","15","33.83","B+","18.5","29.5","8","4","5","54","31","85.00","A+","81","7","16","36.50","B","9.45","3","18","30.45","B","9.67","10","14","0","0","0","33.33","11.00","44.33","F","132","8","13","34.20","C","11","14","18","25","43.00","A+","17.5","12","10","39.5","A","P","0","0","8","7","9","12","6","0","5","9","8","0","0","16","7","9","12","12","0","10","18","16","0","100","4.76","FAIL","",""
"CS25139","GANESH VYANKATI LINGALWAR","18.00","22.50","9","3.5","3","35","26","61.00","A","8.5","8","5","2.5","2.19","18.5","14","32.50","B+","57","9","10","28.50","C","33.5","34.5","9","5","5","55.5","36","91.50","O","70","7","20","38.67","B+","9.91","3","19","31.91","B","24.67","22","29","17","17","0","59.67","31.00","90.67","O","130","8","16","37.00","B+","11.5","13","20","25","45.00","O","19.5","16","8","43.5","A+","P","0","8","7","5","10","14","6","10","7","10","9","0","32","14","5","10","14","12","30","14","20","18","0","169","8.05","PASS","",""
"CS25140","GAURIKA HEMANT PAWADE","17.00","21.00","9","4","4","47","27","74.00","A+","16","13","5","2.5","1.06","23.5","16","39.50","A+","74","8","18","38.33","A","29.5","35.5","10","5","5","59.5","37","96.50","O","84","8","23","45.00","O","10.73","3","22","35.73","A","25.67","29","29","20","26","16.67","60","37.00","97.00","O","144","9","24","47.40","O","12","15","18","27","45.00","O","18.5","17","8","43.5","A+","P","0","9","9","8","10","20","8","10","10","10","9","0","36","18","8","10","20","16","30","20","20","18","0","196","9.33","PASS","",""
"CS25141","HAMROZ QUAMUDDIN ANSARI","10.50","13.50","7","4","2","12","19","31.00","F","12","6","4","2","2.44","16","14","30.00","B+","60","9","15","34.00","B+","25.5","27","10","4","5","54","32","86.00","A+","74","7","19","38.33","B","8.18","3","18","29.18","C","19","27","29","2","18","13","40.17","31.00","71.17","A+","133","9","17","39.30","B+","12","14","19","26","45.00","O","17.5","15","10","42.5","A","P","0","0","7","7","9","12","5","9","7","10","8","0","0","14","7","9","12","10","27","14","20","16","0","129","6.14","FAIL","",""
"CS25142","HARSHAL RAJKUMAR HARINKHEDE","24.00","21.00","9","4","5","55","30","85.00","A+","12.5","7.5","5","2.5","2.44","17.5","16","33.50","B+","68","9","12","32.33","B","24","31","8","4","5","51","32","83.00","A+","67","7","19","37.17","B","10.64","3","18","31.64","B","22","28","29","18","18","0","40","32.00","72.00","A+","134","9","20","42.40","A","13","14","20","27","47.00","O","12","16","2","30","B","P","0","9","7","6","9","12","6","9","8","10","6","0","36","14","6","9","12","12","27","16","20","12","0","164","7.81","PASS","",""
"CS25143","HIMANEE MAHESH DHARMIK","8.50","5.00","8","4","1","3","17","20.00","F","8","8.5","5","1.5","2.38","14","13","27.00","B","60","8","15","33.00","B+","13","14.5","7","4","5","26","23","49.00","B","77","6","18","36.83","B","8.09","3","18","29.09","C","25.67","27","16.5","4","2","12","38","27.00","65.00","A","125","8","13","33.50","C","10.5","14.5","18","25","43.00","A+","20","12","2","34","B","P","0","0","6","7","6","12","5","8","5","9","6","0","0","12","7","6","12","10","24","10","18","12","0","111","5.29","FAIL","",""
"CS25144","HIMANSHU ANJANIKUMAR SINGH","32.00","29.00","8.5","4","5","52","33","85.00","A+","14","15.5","5","2.5","2.44","19","18","37.00","A","71","9","18","38.83","A+","31","38","9","5","5","58","37","95.00","O","82","7","19","39.67","B+","10.18","3","22","35.18","A","25.67","28","24.5","18","21","0","52","33.00","85.00","A+","133","8","19","40.30","A","13.5","14.5","20","28","48.00","O","15.5","19","6","40.5","A","D","4","9","8","9","10","14","8","9","8","10","8","4","36","16","9","10","14","16","27","16","20","16","4","184","8.76","PASS","",""
"CS25145","JAY NARENDRA BALPANDE","2.00","2.50","0","0","4","0","5","5.00","F","8","2","4","2","2.12","0","12","12.00","F","63","8","15","33.50","B+","17","6.5","6","1","5","22.5","19","41.50","C","45","7","16","30.50","C","8.91","3","18","29.91","B","25","18","14","3","6","3","34.5","21.00","55.50","B+","126","8","13","33.60","C","12.5","12.5","20","25","45.00","O","18","11","8","37","B+","P","0","0","0","7","5","10","6","7","5","10","7","0","0","0","7","5","10","12","21","10","20","14","0","99","4.71","FAIL","",""
"CS25146","KAJAL KRISHNA DHAKATE","18.50","23.00","9","4","5","38","29","67.00","A","13.5","10","5","2.5","2.06","18","16","34.00","B+","72","9","3","24.00","F","22.5","22","8","4","5","50","28","78.00","A+","79","8","18","39.17","B+","10.27","3","23","36.27","A","25.66","17","14","15","19","16","45","26.00","71.00","A+","132","10","14","37.20","B+","13","14","18","27","45.00","O","9.5","16","8","33.5","B","P","0","8","7","0","9","14","8","9","7","10","6","0","32","14","0","9","14","16","27","14","20","12","0","158","7.52","FAIL","",""
"CS25147","KETAKI DEEPAK BARAPATRE","21.00","32.50","9","4.5","5","43","34","77.00","A+","10.5","12","5","2.5","2.25","20.5","16","36.50","A","71","10","17","38.83","A+","35.5","38","9","5","5","60","38","98.00","O","87","8","21","43.50","A+","9.45","3","22","34.45","B+","13.33","22","30","22","26","17.33","56","33.00","89.00","A+","142","9","20","43.20","A+","13","12","19","25","44.00","A+","14.5","17","10","41.5","A","D","4","9","8","9","10","18","7","9","9","9","8","4","36","16","9","10","18","14","27","18","18","16","4","186","8.86","PASS","",""
"CS25148","KHUSHBU MORESHWAR HOOD","35.00","37.50","9.5","5","5","57","38","95.00","O","18.5","16.5","5","2.5","2.31","29","19","48.00","O","80","10","16","39.33","A+","36.5","35.5","10","5","5","56","38","94.00","O","85","10","21","45.17","O","11.91","3","21","35.91","A","29","28.33","30","24","26","18.67","60","38.00","98.00","O","135","9","14","36.50","B+","14","15","18","29","47.00","O","17","20","10","47","O","D","4","10","10","9","10","20","8","10","7","10","10","4","40","20","9","10","20","16","30","14","20","20","4","203","9.67","PASS","",""
"CS25149","KOSTUBHI VILAS SONKUSARE","6.00","11.00","9","4","4","36","22","58.00","B+","11","7.5","4","2","2.19","12.5","13","25.50","B","71","7","15","33.83","B+","13","23","9","4","5","48.5","29","77.50","A+","77","7","20","39.83","B+","10.64","3","23","36.64","A+","28.67","15","23","5","18","10.34","60","28.00","88.00","A+","129","8","16","36.90","B+","14","13","18","27","45.00","O","15.5","13","6","34.5","B+","P","0","7","6","7","9","14","9","9","7","10","7","0","28","12","7","9","14","18","27","14","20","14","0","163","7.76","PASS","",""
"CS25150","KRISH WALMIK BORKAR","33.50","25.00","9","4.5","5","41","34","75.00","A+","13","14.5","5","2.5","1.5","21","16","37.00","A","75","10","15","37.50","A","21","30.5","10","5","5","56","34","90.00","A+","78","10","21","44.00","A+","11.45","3","23","37.45","A+","28.67","20","25","20","13","12.67","54","31.00","85.00","A+","138","8","13","34.80","B","9","13","18","22","40.00","A+","13.5","17","8","38.5","A","P","0","9","8","8","9","18","9","9","6","9","8","0","36","16","8","9","18","18","27","12","18","16","0","178","8.48","PASS","",""
"CS25151","KRUTIKA CHANDRAKUMAR WASNIK","6.50","13.00","8.5","3.5","5","17","23","40.00","C","8.5","4.5","4","2","2.5","13","12","25.00","B","62","8","13","31.33","B","24.5","30","9","5","5","54.5","33","87.50","A+","79","9","20","42.17","A","8.36","3","18","29.36","C","8.67","12.33","15.5","13","14","10.67","30","18.00","48.00","B","132","10","13","36.20","B","12","15","19","27","46.00","O","19","12","2","33","B","P","0","5","6","6","9","16","5","6","6","10","6","0","20","12","6","9","16","10","18","12","20","12","0","135","6.43","PASS","",""
"CS25152","MAHESHWARI DAYAL MILMILE","30.50","26.00","9","4","5","44","33","77.00","A+","13","12","5","2.5","2.44","23","16","39.00","A","72","7","15","34.00","B+","23","36.5","9","5","5","52","36","88.00","A+","78","7","20","40.00","B+","11.09","3","22","36.09","A","9.67","5.33","14.5","18","17","12","40","21.00","61.00","A","117","8","14","33.70","C","12","14","18","26","44.00","A+","20","16","10","46","O","D","4","9","8","7","9","14","8","8","5","9","10","4","36","16","7","9","14","16","24","10","18","20","4","174","8.29","PASS","",""
"CS25153","MAITHALI SITARAM YADAV","2.00","3.00","8","3.5","5","0","18","18.00","F","2.5","2.5","3","1.5","2.31","0.5","8","8.50","F","58","7","15","31.67","B","10.5","15.5","4","2","5","5","18","23.00","F","62","5","15","30.33","C","9.09","3","23","35.09","A","2","6.33","7.5","3","13","9.66","6.5","12.00","18.50","F","128","7","13","32.80","C","10.5","9","18","20","38.00","A","9.5","9","8","26.5","C","P","0","0","0","6","0","10","8","0","5","8","5","0","0","0","6","0","10","16","0","10","16","10","0","68","3.24","FAIL","",""
"CS25154","MANSI MORESHWAR NAGBHIDKAR","18.50","28.00","9","4","5","43.5","31","74.50","A+","19","16","5","2.5","2.31","29","19","48.00","O","79","10","15","38.17","A","36","35.5","10","5","5","57.5","38","95.50","O","88","10","20","44.67","O","12.09","3","23","38.09","A+","29","16","22","28","29","25.01","60","37.00","97.00","O","140","10","21","45.00","A+","13","15","19","28","47.00","O","16","18","10","44","A+","D","4","9","10","8","10","20","9","10","9","10","9","4","36","20","8","10","20","18","30","18","20","18","4","202","9.62","PASS","",""
"CS25155","MAZI SNEHSHRI RATAN","6.00","12.50","8","4","5","24","23","47.00","B","10","7","4","2","2.31","23","13","36.00","A","74","10","14","36.33","B+","15.5","30","9","3","5","45","31","76.00","A+","79","7","18","38.17","B","9.36","3","23","35.36","A","21.33","14.33","17","13","19","12.34","43","24.00","67.00","A","118","9","16","36.80","B+","13","13.5","18","27","45.00","O","17.5","14","8","39.5","A","P","0","6","8","7","9","12","8","8","7","10","8","0","24","16","7","9","12","16","24","14","20","16","0","158","7.52","PASS","",""
"CS25156","MOHD MAAZ MUDASSAR KHAN","11.00","11.50","8","3.5","5","10","22","32.00","F","11","8.5","5","2.5","2.5","16.5","15","31.50","B+","63","7","15","32.50","B+","13","18","8","5","5","41.5","27","68.50","A","71","7","17","35.83","B","9.64","3","20","32.64","B+","28.67","22","14","12","22","0","41","29.00","70.00","A+","132","9","18","40.20","A","9","12","18","21","39.00","A","19","14","8","41","A","P","0","0","7","7","8","12","7","9","8","8","8","0","0","14","7","8","12","14","27","16","16","16","0","130","6.19","FAIL","",""
"CS25157","MOLYANI PAWAN PANDE","9.00","8.00","0","0","5","6","9","15.00","F","5.5","4","3","1.5","2.5","1.5","10","11.50","F","61","7","15","32.17","B","12.5","10","5","4","5","18","20","38.00","C","54","7","17","33.00","C","7.55","3","20","30.55","B","8.67","9.67","18.5","19","10","0","42","19.00","61.00","A","116","8","7","26.60","C","9","11.5","18","21","39.00","A","13.5","11","2","26.5","C","P","0","0","0","6","5","10","6","8","5","8","5","0","0","0","6","5","10","12","24","10","16","10","0","93","4.43","FAIL","",""
"CS25158","OM SATISH NIPANE","10.50","20.00","7.5","3.5","5","23","25","48.00","B","9","7.5","4","2.5","1.62","19.5","12","31.50","B+","69","8","12","31.50","B","19","25","8","4","0","49.5","24","73.50","A+","78","7","16","36.00","B","8.64","3","23","34.64","A","27","13.67","19.5","18","16.5","1","52","27.00","79.00","A+","131","9","13","35.10","B","10.5","14","19","25","44.00","A+","17","14","6","37","B+","P","0","6","7","6","9","12","8","9","6","9","7","0","24","14","6","9","12","16","27","12","18","14","0","152","7.24","PASS","",""
"CS25159","PARINITA MILIND WELEKAR","27.50","35.50","9","4","5","36","35","71.00","A+","13.5","18","5","2.5","2.12","27","18","45.00","O","75","10","15","37.50","A","32","34.5","10","4","3","56.5","34","90.50","O","81","8","22","43.50","A+","11.18","3","18","32.18","B","28.67","20.67","20","26","22","25.34","58","34.00","92.00","O","138","10","21","44.80","A+","13","14.5","18","28","46.00","O","19.5","19","6","44.5","O","D","4","9","10","8","10","18","6","10","9","10","10","4","36","20","8","10","18","12","30","18","20","20","4","196","9.33","PASS","",""
"CS25160","POONAM SUDHIR BANDE","3.00","0.00","7","3.5","4","2","16","18.00","F","10","0","2","2.31","3","8.5","11","19.50","C","65","8","15","33.83","B+","14.5","0","8","4","5","28.5","23","51.50","B+","72","7","15","34.00","C","8.64","3","18","29.64","B","15.67","14","14","0","0","0","48","15.00","63.00","A","125","6","13","31.50","C","8.5","9.5","19","18","37.00","A","0","19","6","25","C","P","0","0","5","7","7","10","6","8","5","8","5","0","0","10","7","7","10","12","24","10","16","10","0","106","5.05","FAIL","",""
"CS25161","PRACHI RUPESH BAJORIA","11.00","10.00","8","4","5","4","22","26.00","F","4","7","4","2","2.44","4","12","16.00","F","69","9","15","35.50","B+","20","26","8","4","5","53","29","82.00","A+","79","7","20","40.17","B+","9.09","3","18","30.09","B","7.33","16","14","13","13","0","38","19.00","57.00","B+","128","9","14","35.80","B","10.5","9.5","20","20","40.00","A+","19","12","8","39","A","P","0","0","0","7","9","14","6","7","6","9","8","0","0","0","7","9","14","12","21","12","18","16","0","109","5.19","FAIL","",""
"CS25162","PRAJWAL GAJENDRA SOMKUWAR","5.00","5.00","2","7","3","5","15","20.00","F","3","3.5","3","2","1.19","3","8","11.00","F","58","6","15","30.67","B","14","15.5","7","4","2","44.5","21","65.50","A","67","7","15","33.17","C","7.73","3","18","28.73","C","4","14","10.5","6","10","4.33","10.5","14.00","24.50","F","129","8","4","24.90","F","6","10.5","18","17","35.00","A","19.5","10","2","31.5","B","P","0","0","0","6","8","10","5","0","0","8","6","0","0","0","6","8","10","10","0","0","16","12","0","62","2.95","FAIL","",""
"CS25163","PRATHMESH VIJAY LONARKAR","1.50","3.00","7","4","3","6","15","21.00","F","8","4","4","2","2.19","0","12","12.00","F","71","9","15","35.83","B+","6.5","16","6","4","3","35.5","20","55.50","B+","60","6","11","27.00","C","8.36","3","18","29.36","C","7.66","8.33","16","12","23","14","36","22.00","58.00","B+","132","7","4","24.20","F","7","13","19","20","39.00","A","18","10","2","30","B","P","0","0","0","7","7","10","5","7","0","8","6","0","0","0","7","7","10","10","21","0","16","12","0","83","3.95","FAIL","",""
"CS25164","PRESHITA TIKARAM KOHAD","0.00","0.00","0","0","0","0","0","0.00","F","0","0","0","0","0","0","0","0.00","F","0","0","0","0.00","F","0","0","0","0","0","0","0","0.00","F","0","0","0","0.00","F","0","0","0","0.00","F","0","0","0","0","0","0","0","0.00","0.00","F","0","0","0","0.00","F","0","0","0","0","0.00","F","0","0","0","0","F","P","0","0","0","0","0","0","0","0","0","0","0","0","0","0","0","0","0","0","0","0","0","0","0","0","0.00","FAIL","",""
"CS25165","PRIYASHI PANKAJ SONI","36.50","29.00","9.5","4.5","5","55","37","92.00","O","16","13.5","5","2.5","2.25","13","18","31.00","B+","68","7","14","32.33","B","27","38","9","5","3","58","35","93.00","O","81","8","20","41.50","A","8.18","3","22","33.18","B+","10.67","13","16","17","19","12","49","22.00","71.00","A+","133","7","20","40.30","A","14","15","18","29","47.00","O","11","18","4","33","B","P","0","10","7","6","10","16","7","9","8","10","6","0","40","14","6","10","16","14","27","16","20","12","0","175","8.33","PASS","",""
"CS25166","RIYA PRATAPSINGH CHAUHAN","9.50","19.50","8","4","2","22","23","45.00","B","11.5","17","5","1.5","2.38","20","17","37.00","A","65","8","13","31.83","B","29.5","26","8","4","5","52","31","83.00","A+","81","7","21","41.50","A","10.82","3","22","35.82","A","10.33","21","23","16.5","24","12","35","28.00","63.00","A","134","9","13","35.40","B","13","14","20","27","47.00","O","19","15","10","44","A+","P","0","6","8","6","9","16","8","8","6","10","9","0","24","16","6","9","16","16","24","12","20","18","0","161","7.67","PASS","",""
"CS25167","RIYA SURESH BIHANI","5.00","11.00","8","4","5","19.5","22","41.50","C","11.5","8","5","2.5","2.44","2","15","17.00","F","69","8","15","34.50","B+","18","27","9","3","5","42","30","72.00","A+","77","9","19","40.83","B+","9.18","3","18","30.18","B","14","21","17","15","10","10.67","32","22.00","54.00","B+","130","8","13","34.00","C","11","14","18","25","43.00","A+","20","13","2","35","B+","P","0","5","0","7","9","14","6","7","5","9","7","0","20","0","7","9","14","12","21","10","18","14","0","125","5.95","FAIL","",""
"CS25168","RUKHSAR ASHIK MALADHARI","2.50","3.00","8.5","4","5","1","19","20.00","F","5","9","4","2","2.06","15","12","27.00","B","72","10","15","37.00","A","20","23.5","8","4","5","36","28","64.00","A","79","7","19","39.17","B+","9.45","3","18","30.45","B","5","20","9","12","10","12.34","16","18.00","34.00","C","136","10","15","38.60","B+","12","14","20","26","46.00","O","19","12","8","39","A","P","0","0","6","8","8","14","6","5","7","10","8","0","0","12","8","8","14","12","15","14","20","16","0","119","5.67","FAIL","",""
"CS25169","SAKSHI RAJESH SANDEL","5.50","9.00","7","3.5","4","15","19","34.00","C","11","5.5","4","2","2.06","20","13","33.00","B+","68","10","8","29.33","C","25","29","8","5","5","54.5","32","86.50","A+","79","8","20","41.17","B+","9.36","3","17","29.36","C","5.67","20","19","11","6","13","39","21.00","60.00","A","132","9","13","35.20","B","13.5","12","19","26","45.00","O","17.5","14","8","39.5","A","P","0","5","7","5","9","14","5","8","6","10","8","0","20","14","5","9","14","10","24","12","20","16","0","144","6.86","PASS","",""
"CS25170","SAMEER SUBHAN MAHAJAN","13.50","16.00","8","4","5","27","25","52.00","B+","7","11","5","2","2.38","13","14","27.00","B","73","10","15","37.17","A","31","30","10","4","5","58.5","34","92.50","O","79","9","20","42.17","A","10.18","3","21","34.18","B+","15.33","26","29","13","21","14.67","44.33","30.00","74.33","A+","135","9","14","36.50","B+","12.5","13","18","26","44.00","A+","16","15","8","39","A","P","0","7","6","8","10","16","7","9","7","9","8","0","28","12","8","10","16","14","27","14","18","16","0","163","7.76","PASS","",""
"CS25171","SANKET SHANKAR BARAI","0.00","9.00","7","3.5","5","19.5","19","38.50","F","11","8","5","2.5","0.44","21","13","34.00","B+","71","8","15","34.83","B+","22","23","7","4","5","46","27","73.00","A+","75","8","12","32.50","C","8.36","3","18","29.36","C","10","12","10","17","17","14.33","21.67","20.00","41.67","C","130","8","13","34.00","C","10.5","12","20","23","43.00","A+","14","12","8","34","B","P","0","0","7","7","9","10","5","5","5","9","6","0","0","14","7","9","10","10","15","10","18","12","0","105","5.00","FAIL","",""
"CS25172","SARAKSHI SANJAY MISHRA","23.50","10.00","9","4","5","24.5","28","52.50","B+","11.5","11.5","5","2.5","2.44","2","16","18.00","F","73","10","15","37.17","A","35.5","34","10","5","5","44","38","82.00","A+","83","9","21","43.83","A+","9.55","3","18","30.55","B","9","14.33","16","12","19","13.34","28","21.00","49.00","B","142","7","13","34.20","C","13.5","14.5","18","28","46.00","O","18","16","8","42","A","P","0","7","0","8","9","18","6","6","5","10","8","0","28","0","8","9","18","12","18","10","20","16","0","139","6.62","FAIL","",""
"CS25173","SAURABH SANJAY SATPHALE","3.00","7.00","7.5","3.5","5","6","19","25.00","F","5","4","5","2","1.81","0","11","11.00","F","73","9","15","36.17","B+","13","23","6","4","5","30","26","56.00","B+","71","8","16","35.83","B","8.91","3","18","29.91","B","5.33","14.33","15","0","12","13.66","17","18.00","35.00","C","136","8","14","35.60","B","10.5","12.5","19","23","42.00","A+","18.5","11","6","35.5","B+","P","0","0","0","7","7","12","6","5","6","9","7","0","0","0","7","7","12","12","15","12","18","14","0","97","4.62","FAIL","",""
"CS25174","SAYYED HUZEFA ALI SAYYED ROSHAN ALI","3.50","3.50","0","3.5","0","0","5","5.00","F","3","6","5","1","0","0","9","9.00","F","0","0","0","0.00","F","3.5","7.5","0","0","0","0","3","3.00","F","7","0","0","1.17","F","3.36","0","0","3.36","F","0","0","0","11","0","0","14.99","4.00","18.99","F","0","0","0","0.00","F","7","11.5","18","19","37.00","A","20","0","0","20","F","P","0","0","0","0","0","0","0","0","0","8","0","0","0","0","0","0","0","0","0","0","16","0","0","16","0.76","FAIL","",""
"CS25175","SHLOK SANTOSH JAGTAP","0.00","0.00","0","0","0","0","0","0.00","F","0","0","5","0","0","24.5","5","29.50","B+","0","0","0","0.00","F","0","0","0","0","0","0","0","0.00","F","4","0","0","0.67","F","3.55","0","0","3.55","F","4.66","12.33","0","0","0","0","0","6.00","6.00","F","0","0","0","0.00","F","0","0","0","0","0.00","F","0","0","0","0","F","P","0","0","7","0","0","0","0","0","0","0","0","0","0","14","0","0","0","0","0","0","0","0","0","14","0.67","FAIL","",""
"CS25176","SHREYA SACHIN NIMBALKAR","16.00","16.50","9","4","5","29","26","55.00","B+","11","8","4","2.5","2.06","17.5","14","31.50","B+","73","10","15","37.17","A","13.5","29.5","9","4","5","52","31","83.00","A+","80","9","20","42.33","A","9.73","3","21","33.73","B+","5","18","12.5","12","20","12","44","21.00","65.00","A","148","10","17","41.80","A","12.5","15","19","28","47.00","O","20","14","8","42","A","P","0","7","7","8","9","16","7","8","8","10","8","0","28","14","8","9","16","14","24","16","20","16","0","165","7.86","PASS","",""
"CS25177","SHRUTIKA DIPAK SAWANKAR","3.50","8.00","7.5","4","5","10","20","30.00","F","8","7.5","4","1.5","2.38","19","12","31.00","B+","67","8","15","34.17","B+","25","26","8","4","5","57.5","30","87.50","A+","75","7","20","39.50","B+","8.36","3","21","32.36","B","9.67","12","13.5","17","0","0","38","17.00","55.00","B+","139","6","13","32.90","C","13","13","20","26","46.00","O","18","12","10","40","A","P","0","0","7","7","9","14","6","7","5","10","8","0","0","14","7","9","14","12","21","10","20","16","0","123","5.86","FAIL","",""
"CS25178","SIDDHESH UMESH NERKAR","8.00","8.50","7","3","5","9","19","28.00","F","6","7.5","5","2","2.25","19","13","32.00","B+","68","8","15","34.33","B+","16","27.5","6","4","5","54","28","82.00","A+","72","7","18","37.00","B","9.82","3","21","33.82","B+","5","15","12","15","18","13","49","20.00","69.00","A","149","8","14","36.90","B+","12.5","13","20","26","46.00","O","14.5","12","8","34.5","B+","P","0","0","7","7","9","12","7","8","7","10","7","0","0","14","7","9","12","14","24","14","20","14","0","128","6.10","FAIL","",""
"CS25179","TANIYA RAJESH SINHA","8.00","6.50","8.5","4","5","13","21","34.00","F","12.5","9","5","2.5","2.31","24","16","40.00","A+","74","10","15","37.33","A","14","12","7","4","5","42","23","65.00","A","70","8","17","36.67","B","10.55","3","21","34.55","A","6","16","22","15","19","16.67","48","25.00","73.00","A+","134","9","15","37.40","B+","11","11.5","19","23","42.00","A+","19","12","10","41","A","P","0","0","9","8","8","12","8","9","7","9","8","0","0","18","8","8","12","16","27","14","18","16","0","137","6.52","FAIL","",""
"CS25180","TANUSHREE RAVINDRA DHOLE","25.00","30.50","9","4","5","48","33","81.00","A+","13.5","14.5","5","2.5","2.44","13","17","30.00","B+","74","10","15","37.33","A","31","35","9","4","5","53.5","35","88.50","A+","79","7","17","37.17","B","9.45","3","22","34.45","B+","7.33","18","28","12","16","14","45","25.00","70.00","A+","138","10","15","38.80","B+","11","13.5","19","25","44.00","A+","12","17","10","39","A","P","0","9","7","8","9","12","7","9","7","9","8","0","36","14","8","9","12","14","27","14","18","16","0","168","8.00","PASS","",""
"CS25181","TUSHAR GAJENDRA SHANWARE","0.00","7.50","8","4","5","23","20","43.00","C","6.5","3.5","4","2","2.38","9.5","11","20.50","C","69","8","15","34.50","B+","24.5","33","8","5","5","36","34","70.00","A+","75","7","20","39.50","B+","9.82","3","24","36.82","A+","8.33","14","29","14.5","14","12.34","16.67","24.00","40.67","C","137","8","13","34.70","B","10.5","14.5","18","25","43.00","A+","16","12","8","36","B+","P","0","5","5","7","9","14","9","5","6","9","7","0","20","10","7","9","14","18","15","12","18","14","0","137","6.52","PASS","",""
"CS25182","TUSHAR KISHOR PAL","5.50","13.00","7","3.5","5","7","21","28.00","F","4","2.5","4","1.5","2.44","27","10","37.00","A","70","8","15","34.67","B+","21","35","8","4","5","48","33","81.00","A+","77","8","17","37.83","B","8.64","3","21","32.64","B+","8.33","9.67","8.5","12","17","16","14","18.00","32.00","C","134","8","15","36.40","B","9.5","14","20","24","44.00","A+","19.5","12","6","37.5","B+","P","0","0","8","7","9","12","7","5","6","9","7","0","0","16","7","9","12","14","15","12","18","14","0","117","5.57","FAIL","",""
"CS25183","TWINKLE HEMRAJ PAWAR","24.00","17.50","7.5","4","5","46.5","28","74.50","A+","11","9.5","5","2.5","2.12","19","15","34.00","B+","70","10","14","35.67","B+","24.5","31.5","9","5","5","50","34","84.00","A+","82","8","21","42.67","A","9.27","3","18","30.27","B","17","14","16","17","15","12.67","43","22.00","65.00","A","143","8","13","35.30","B","13.5","12","20","26","46.00","O","17.5","16","10","43.5","A+","P","0","9","7","7","9","16","6","8","6","10","9","0","36","14","7","9","16","12","24","12","20","18","0","168","8.00","PASS","",""
"CS25184","UDAY DILIP WANDHARE","33.00","31.50","9","4","5","52.5","34","86.50","A+","16.5","13","4.5","2.5","2.5","25.5","17","42.50","A+","71","8","20","39.83","O","26.5","35.5","8","4","5","57.5","34","91.50","O","77","7","20","39.83","B+","10.18","3","24","37.18","A+","28","30","29","16","20","4","53","36.00","89.00","A+","149","9","22","45.90","A+","12","12.5","18","25","43.00","A+","19","19","6","44","A+","D","4","9","9","10","10","14","9","9","9","9","9","4","36","18","10","10","14","18","27","18","18","18","4","191","9.10","PASS","",""
"CS25185","UJJWAL CHANDRASHEKHAR HAWARE","30.00","34.50","8","3.5","5","52","33","85.00","A+","15","13.5","5","2","2.5","24","17","41.00","A+","72","9","15","36.00","B+","31","36","8","4","5","58","35","93.00","O","78","7","19","39.00","B+","10.91","3","23","36.91","A+","27","30","28","13","30","0","53.34","38.00","91.34","O","148","9","23","46.80","O","13","12.5","19","26","45.00","O","18.5","20","6","44.5","O","D","4","9","9","7","10","14","9","10","10","10","10","4","36","18","7","10","14","18","30","20","20","20","4","197","9.38","PASS","",""
"CS25186","VAIDEHI DHANANJAY PADOLE","9.00","10.00","7","4","4","6","20","26.00","F","8","6.5","4.5","1.5","2.31","18","12","30.00","B+","67","7","15","33.17","B+","20","30","8","4","5","50.5","31","81.50","A+","81","7","18","38.50","B+","9","3","23","35.00","A","28","17","28","12.5","17","1.68","41","30.00","71.00","A+","129","8","13","33.90","C","11","13","18","24","42.00","A+","19.5","14","6","39.5","A","P","0","0","7","7","9","14","8","9","5","9","8","0","0","14","7","9","14","16","27","10","18","16","0","131","6.24","FAIL","",""
"CS25187","VEDANT RAJU CHAFALE","10.00","7.00","8","3.5","5","18.5","21","39.50","C","8","8","4.5","2.5","2.5","10.5","14","24.50","B","74","8","17","37.33","A","18","25","8","4","5","39.5","29","68.50","A","73","7","13","32.17","C","9.73","3","24","36.73","A+","21","14","12.5","13","29.5","12.33","35","26.00","61.00","A","148","8","13","35.80","B","10.5","12.5","18","23","41.00","A+","18.5","13","6","37.5","B+","D","4","5","6","8","8","10","9","8","6","9","7","4","20","12","8","8","10","18","24","12","18","14","4","148","7.05","PASS","",""
"CS25188","VEDANTH LAXMAN PASPULWAR","4.50","9.50","8","4","5","20","21","41.00","C","6","8","4","2","1.94","15.5","12","27.50","B","73","9","3","24.17","F","22","27.5","8","4","5","43.5","30","73.50","A+","73","7","20","39.17","B+","9.45","3","23","35.45","A","18","14","12.5","13","30","3.67","43","25.00","68.00","A","140","9","19","42.00","A","4","12","19","16","35.00","A","17","13","2","32","B","P","0","5","6","0","9","14","8","8","8","8","6","0","20","12","0","9","14","16","24","16","16","12","0","139","6.62","FAIL","",""
"CS25189","YASHSWEETA LOKCHAND KAWLE","12.00","8.00","7","4","5","39","22","61.00","A","8","8.5","4","2.5","2.19","21","13","34.00","B+","70","8","12","31.67","B","18","32","9","5","5","45.5","34","79.50","A+","79","7","20","40.17","B+","10.45","3","21","34.45","B+","8.67","14","17.5","13","30","3.34","32.67","25.00","57.67","B+","132","6","15","34.20","C","11.5","14","18","26","44.00","A+","19","13","8","40","A","P","0","8","7","6","9","14","7","7","5","9","8","0","32","14","6","9","14","14","21","10","18","16","0","154","7.33","PASS","",""
"CS25190","ZEBA ZAFARULLAH BAIG","17.00","21.00","8","4","5","23","27","50.00","B+","14.5","8.5","4","2.5","2.25","7","15","22.00","F","70","9","15","35.67","B+","23.5","17","9","4","5","21","29","50.00","B+","65","7","16","33.83","C","9.82","3","23","35.82","A","10.67","15","15.5","0","27","12.01","23","23.00","46.00","B","147","10","17","41.70","A","13.5","13.5","20","27","47.00","O","18.5","15","8","41.5","A","P","0","7","0","7","7","10","8","6","8","10","8","0","28","0","7","7","10","16","18","16","20","16","0","138","6.57","FAIL","",""