"Student Details USN","Name","DMGT CAE-1
 [40]","CAE-2
 [40]","TAE-1
 [10]","TAE-2
 [5]","TAE-3
 [5]","ESE
 [60]","Internals
[40]","Total
 [100]","Grade","CAO CAE-1
 [20]","CAE-2
 [20]","TAE-1
 [5]","TAE-2
 [2.5]","TAE-3
 [2.5]","ESE
 [30]","Internals
[20]","Total
 [50]","Grade","DSA Unit Test - 1
 [30]","Unit Test - 2
 [30]","Unit Test - 3
 [30]","Unit Test - 4
 [30]","Unit Test - 5
 [30]","Unit Test - 6
 [30]","ESE
 [30]","Internals","Total","Grade","Grade Points","Credit Points","DSAL Continious Assessment
 [80]","Experiential Learning
 [10]","Practical
 [25]","Total
 [50]","Grade","Grade Points","Credit Points","FCC Continious Assessment
 [195]","Experiential Learning
 [10]","Practical
 [25]","Total
 [50]","Grade","Grade Points","Credit Points","ED CAE-2","TAE-1","TAE-2","TAE-3","Total","Grade","Grade Points","Credit Points","ES Objective Test
 [20]","Report
 [20]","Attendance
 [10]","Total
 [50]","Grade","Grade Points","Credit Points","Web Fundamentals & Basic Frontend Design CAE-1
 [20]","CAE-2
 [20]","TAE-1
 [5]","TAE-2
 [2.5]","TAE-3
 [2.5]","ESE
 [30]","Internals","Total
 [50]","Grade","Grade Points","Credit Points","Digital Electronics and Fundamentals of Microcontroller CAE-1
 [20]","CAE-2
 [20]","TAE-1
 [5]","TAE-2
 [2.5]","TAE-3
 [2.5]","ESE
 [30]","Internals","Total
 [50]","Grade","Grade Points","Credit Points","Business Economics  CAE-1
 [20]","CAE-2
 [20]","TAE-1
 [5]","TAE-2
 [2.5]","TAE-3
 [2.5]","ESE
 [30]","Internals","Total
 [50]","Grade","Grade Points","Credit Points","Introduction to Business Analytics CAE-1","CAE-2
 [20]","TAE-1
 [5]","TAE-2
 [2.5]","TAE-3
 [2.5]","ESE
 [30]","Internals","Total
 [50]","Grade","Grade Points","Credit Points","Digital Circuit Design CAE-1
 [20]","CAE-2
 [20]","ESE
 [30]","Internals","Total
 [50]","Grade","Grade Points","Credit Points","Energy Systems and Technologies CAE-1
 [20]","CAE-2
 [20]","ESE
 [30]","Internals","Total
 [50]","Grade","Grade Points","Credit Points","Ethics & Data Privacy CAE-1
 [20]","CAE-2
 [20]","ESE
 [30]","Internals","Total
 [50]","Grade","Grade Points","Credit Points","Solar Photovoltaic Systems CAE-1
 [20]","CAE-2
 [20]","ESE
 [30]","Internals","Total
 [50]","Grade","Grade Points","Credit Points","CEP/FP Objective Test
 [20]","Report
 [20]","Attendance
 [10]","Total
 [50]","Grade","Grade Points","Credit Points","INCENTIVES Grade","Incentives","Grade Points DMGT","CAO","DSA","DSAL","FCC","ED","ES","MDM","OE","CEP/FP","INCENTIVES","Credits Points DMGT","CAO","DSA","DSAL","FCC","ED","ES","MDM","OE","CEP/FP","INCENTIVES","TOTALS Total Credits","SGPA","PASS
OR
FAIL"
"CS25128","ADITI KARAN","29.00","","","","","","15","15.00","F","NA","","","","","","0","0.00","F","19","22","","","","","","#NUM!","#NUM!","#NUM!","#NUM!","#NUM!","","","","0.00","F","0","0","","","","0.00","F","0","0","","","","","#REF!","#REF!","#REF!","#REF!","","","","0","F","0","0","","","","","","","0","0.00","F","0","0","","","","","","","0","0.00","F","0","0","","","","","","","0","0.00","F","0","0","","","","","","","0","0.00","F","0","0","","","","#REF!","#REF!","F","0","0","","","","#REF!","#REF!","F","0","0","","","","#REF!","#REF!","F","0","0","","","","#REF!","#REF!","F","0","0","","","","0","F","0","0","","","#REF!","#REF!","#REF!","#REF!","#REF!","#REF!","#REF!","#REF!","#REF!","#REF!","","#REF!","#REF!","#REF!","#REF!","#REF!","#REF!","#REF!","#REF!","#REF!","#REF!","","#REF!","#REF!","PASS"
"CS25129","ADITYA YOGESH BHURSE","","","","","","","0","0.00","F","NA","","","","","","0","0.00","F","12","24","","","","","","#NUM!","#NUM!","#NUM!","#NUM!","#NUM!","","","","0.00","F","0","0","","","","0.00","F","0","0","","","","","#REF!","#REF!","#REF!","#REF!","","","","0","F","0","0","","","","","","","0","0.00","F","0","0","","","","","","","0","0.00","F","0","0","","","","","","","0","0.00","F","0","0","","","","","","","0","0.00","F","0","0","","","","#REF!","#REF!","F","0","0","","","","#REF!","#REF!","F","0","0","","","","#REF!","#REF!","F","0","0","","","","#REF!","#REF!","F","0","0","","","","0","F","0","0","","","#REF!","#REF!","#REF!","#REF!","#REF!","#REF!","#REF!","#REF!","#REF!","#REF!","","#REF!","#REF!","#REF!","#REF!","#REF!","#REF!","#REF!","#REF!","#REF!","#REF!","","#REF!","#REF!","PASS"
"CS25130","AKANSHA PRASHANT SHARMA","22.50","","","","","","11","11.00","F","NA","","","","","","0","0.00","F","19","13","","","","","","#NUM!","#NUM!","#NUM!","#NUM!","#NUM!","","","","0.00","F","0","0","","","","0.00","F","0","0","","","","","#REF!","#REF!","#REF!","#REF!","","","","0","F","0","0","","","","","","","0","0.00","F","0","0","","","","","","","0","0.00","F","0","0","","","","","","","0","0.00","F","0","0","","","","","","","0","0.00","F","0","0","","","","#REF!","#REF!","F","0","0","","","","#REF!","#REF!","F","0","0","","","","#REF!","#REF!","F","0","0","","","","#REF!","#REF!","F","0","0","","","","0","F","0","0","","","#REF!","#REF!","#REF!","#REF!","#REF!","#REF!","#REF!","#REF!","#REF!","#REF!","","#REF!","#REF!","#REF!","#REF!","#REF!","#REF!","#REF!","#REF!","#REF!","#REF!","","#REF!","#REF!","PASS"
"CS25131","ANIKET UMESH SONWANE","26.50","","","","","","13","13.00","F","20","","","","","","10","10.00","F","24","30","","","","","","#NUM!","#NUM!","#NUM!","#NUM!","#NUM!","","","","0.00","F","0","0","","","","0.00","F","0","0","","","","","#REF!","#REF!","#REF!","#REF!","","","","0","F","0","0","","","","","","","0","0.00","F","0","0","","","","","","","0","0.00","F","0","0","","","","","","","0","0.00","F","0","0","","","","","","","0","0.00","F","0","0","","","","#REF!","#REF!","F","0","0","","","","#REF!","#REF!","F","0","0","","","","#REF!","#REF!","F","0","0","","","","#REF!","#REF!","F","0","0","","","","0","F","0","0","","","#REF!","#REF!","#REF!","#REF!","#REF!","#REF!","#REF!","#REF!","#REF!","#REF!","","#REF!","#REF!","#REF!","#REF!","#REF!","#REF!","#REF!","#REF!","#REF!","#REF!","","#REF!","#REF!","PASS"
"CS25132","ANKIT ASHWIN ITANKAR","31.50","","","","","","16","16.00","F","NA","","","","","","0","0.00","F","23","29","","","","","","#NUM!","#NUM!","#NUM!","#NUM!","#NUM!","","","","0.00","F","0","0","","","","0.00","F","0","0","","","","","#REF!","#REF!","#REF!","#REF!","","","","0","F","0","0","","","","","","","0","0.00","F","0","0","","","","","","","0","0.00","F","0","0","","","","","","","0","0.00","F","0","0","","","","","","","0","0.00","F","0","0","","","","#REF!","#REF!","F","0","0","","","","#REF!","#REF!","F","0","0","","","","#REF!","#REF!","F","0","0","","","","#REF!","#REF!","F","0","0","","","","0","F","0","0","","","#REF!","#REF!","#REF!","#REF!","#REF!","#REF!","#REF!","#REF!","#REF!","#REF!","","#REF!","#REF!","#REF!","#REF!","#REF!","#REF!","#REF!","#REF!","#REF!","#REF!","","#REF!","#REF!","PASS"
"CS25133","ASAWARI SURESH CHICHMALKAR","25.00","","","","","","13","13.00","F","NA","","","","","","0","0.00","F","14","14","","","","","","#NUM!","#NUM!","#NUM!","#NUM!","#NUM!","","","","0.00","F","0","0","","","","0.00","F","0","0","","","","","#REF!","#REF!","#REF!","#REF!","","","","0","F","0","0","","","","","","","0","0.00","F","0","0","","","","","","","0","0.00","F","0","0","","","","","","","0","0.00","F","0","0","","","","","","","0","0.00","F","0","0","","","","#REF!","#REF!","F","0","0","","","","#REF!","#REF!","F","0","0","","","","#REF!","#REF!","F","0","0","","","","#REF!","#REF!","F","0","0","","","","0","F","0","0","","","#REF!","#REF!","#REF!","#REF!","#REF!","#REF!","#REF!","#REF!","#REF!","#REF!","","#REF!","#REF!","#REF!","#REF!","#REF!","#REF!","#REF!","#REF!","#REF!","#REF!","","#REF!","#REF!","PASS"
"CS25134","ATHARVA BALU JADHAV","19.50","","","","","","10","10.00","F","NA","","","","","","0","0.00","F","21","13","","","","","","#NUM!","#NUM!","#NUM!","#NUM!","#NUM!","","","","0.00","F","0","0","","","","0.00","F","0","0","","","","","#REF!","#REF!","#REF!","#REF!","","","","0","F","0","0","","","","","","","0","0.00","F","0","0","","","","","","","0","0.00","F","0","0","","","","","","","0","0.00","F","0","0","","","","","","","0","0.00","F","0","0","","","","#REF!","#REF!","F","0","0","","","","#REF!","#REF!","F","0","0","","","","#REF!","#REF!","F","0","0","","","","#REF!","#REF!","F","0","0","","","","0","F","0","0","","","#REF!","#REF!","#REF!","#REF!","#REF!","#REF!","#REF!","#REF!","#REF!","#REF!","","#REF!","#REF!","#REF!","#REF!","#REF!","#REF!","#REF!","#REF!","#REF!","#REF!","","#REF!","#REF!","PASS"
"CS25135","ATHARVA PRADIP PANNASE","12.00","","","","","","6","6.00","F","NA","","","","","","0","0.00","F","21","21","","","","","","#NUM!","#NUM!","#NUM!","#NUM!","#NUM!","","","","0.00","F","0","0","","","","0.00","F","0","0","","","","","#REF!","#REF!","#REF!","#REF!","","","","0","F","0","0","","","","","","","0","0.00","F","0","0","","","","","","","0","0.00","F","0","0","","","","","","","0","0.00","F","0","0","","","","","","","0","0.00","F","0","0","","","","#REF!","#REF!","F","0","0","","","","#REF!","#REF!","F","0","0","","","","#REF!","#REF!","F","0","0","","","","#REF!","#REF!","F","0","0","","","","0","F","0","0","","","#REF!","#REF!","#REF!","#REF!","#REF!","#REF!","#REF!","#REF!","#REF!","#REF!","","#REF!","#REF!","#REF!","#REF!","#REF!","#REF!","#REF!","#REF!","#REF!","#REF!","","#REF!","#REF!","PASS"
"CS25136","AYAN SHOUKT SAYYED","14.00","","","","","","7","7.00","F","NA","","","","","","0","0.00","F","13","4","","","","","","#NUM!","#NUM!","#NUM!","#NUM!","#NUM!","","","","0.00","F","0","0","","","","0.00","F","0","0","","","","","#REF!","#REF!","#REF!","#REF!","","","","0","F","0","0","","","","","","","0","0.00","F","0","0","","","","","","","0","0.00","F","0","0","","","","","","","0","0.00","F","0","0","","","","","","","0","0.00","F","0","0","","","","#REF!","#REF!","F","0","0","","","","#REF!","#REF!","F","0","0","","","","#REF!","#REF!","F","0","0","","","","#REF!","#REF!","F","0","0","","","","0","F","0","0","","","#REF!","#REF!","#REF!","#REF!","#REF!","#REF!","#REF!","#REF!","#REF!","#REF!","","#REF!","#REF!","#REF!","#REF!","#REF!","#REF!","#REF!","#REF!","#REF!","#REF!","","#REF!","#REF!","PASS"
"CS25137","AYUSHI GADGE","17.00","","","","","","9","9.00","F","NA","","","","","","0","0.00","F","11","8","","","","","","#NUM!","#NUM!","#NUM!","#NUM!","#NUM!","","","","0.00","F","0","0","","","","0.00","F","0","0","","","","","#REF!","#REF!","#REF!","#REF!","","","","0","F","0","0","","","","","","","0","0.00","F","0","0","","","","","","","0","0.00","F","0","0","","","","","","","0","0.00","F","0","0","","","","","","","0","0.00","F","0","0","","","","#REF!","#REF!","F","0","0","","","","#REF!","#REF!","F","0","0","","","","#REF!","#REF!","F","0","0","","","","#REF!","#REF!","F","0","0","","","","0","F","0","0","","","#REF!","#REF!","#REF!","#REF!","#REF!","#REF!","#REF!","#REF!","#REF!","#REF!","","#REF!","#REF!","#REF!","#REF!","#REF!","#REF!","#REF!","#REF!","#REF!","#REF!","","#REF!","#REF!","PASS"
"CS25138","BINA MUKESH TANTI","17.00","","","","","","9","9.00","F","NA","","","","","","0","0.00","F","21","20","","","","","","#NUM!","#NUM!","#NUM!","#NUM!","#NUM!","","","","0.00","F","0","0","","","","0.00","F","0","0","","","","","#REF!","#REF!","#REF!","#REF!","","","","0","F","0","0","","","","","","","0","0.00","F","0","0","","","","","","","0","0.00","F","0","0","","","","","","","0","0.00","F","0","0","","","","","","","0","0.00","F","0","0","","","","#REF!","#REF!","F","0","0","","","","#REF!","#REF!","F","0","0","","","","#REF!","#REF!","F","0","0","","","","#REF!","#REF!","F","0","0","","","","0","F","0","0","","","#REF!","#REF!","#REF!","#REF!","#REF!","#REF!","#REF!","#REF!","#REF!","#REF!","","#REF!","#REF!","#REF!","#REF!","#REF!","#REF!","#REF!","#REF!","#REF!","#REF!","","#REF!","#REF!","PASS"
"CS25139","GANESH VYANKATI LINGALWAR","19.50","","","","","","10","10.00","F","NA","","","","","","0","0.00","F","20","20","","","","","","#NUM!","#NUM!","#NUM!","#NUM!","#NUM!","","","","0.00","F","0","0","","","","0.00","F","0","0","","","","","#REF!","#REF!","#REF!","#REF!","","","","0","F","0","0","","","","","","","0","0.00","F","0","0","","","","","","","0","0.00","F","0","0","","","","","","","0","0.00","F","0","0","","","","","","","0","0.00","F","0","0","","","","#REF!","#REF!","F","0","0","","","","#REF!","#REF!","F","0","0","","","","#REF!","#REF!","F","0","0","","","","#REF!","#REF!","F","0","0","","","","0","F","0","0","","","#REF!","#REF!","#REF!","#REF!","#REF!","#REF!","#REF!","#REF!","#REF!","#REF!","","#REF!","#REF!","#REF!","#REF!","#REF!","#REF!","#REF!","#REF!","#REF!","#REF!","","#REF!","#REF!","PASS"
"CS25140","GAURIKA HEMANT PAWADE","34.00","","","","","","17","17.00","F","18","","","","","","9","9.00","F","21","28","","","","","","#NUM!","#NUM!","#NUM!","#NUM!","#NUM!","","","","0.00","F","0","0","","","","0.00","F","0","0","","","","","#REF!","#REF!","#REF!","#REF!","","","","0","F","0","0","","","","","","","0","0.00","F","0","0","","","","","","","0","0.00","F","0","0","","","","","","","0","0.00","F","0","0","","","","","","","0","0.00","F","0","0","","","","#REF!","#REF!","F","0","0","","","","#REF!","#REF!","F","0","0","","","","#REF!","#REF!","F","0","0","","","","#REF!","#REF!","F","0","0","","","","0","F","0","0","","","#REF!","#REF!","#REF!","#REF!","#REF!","#REF!","#REF!","#REF!","#REF!","#REF!","","#REF!","#REF!","#REF!","#REF!","#REF!","#REF!","#REF!","#REF!","#REF!","#REF!","","#REF!","#REF!","PASS"
"CS25141","HAMROZ QUAMUDDIN ANSARI","19.00","","","","","","10","10.00","F","NA","","","","","","0","0.00","F","16","10","","","","","","#NUM!","#NUM!","#NUM!","#NUM!","#NUM!","","","","0.00","F","0","0","","","","0.00","F","0","0","","","","","#REF!","#REF!","#REF!","#REF!","","","","0","F","0","0","","","","","","","0","0.00","F","0","0","","","","","","","0","0.00","F","0","0","","","","","","","0","0.00","F","0","0","","","","","","","0","0.00","F","0","0","","","","#REF!","#REF!","F","0","0","","","","#REF!","#REF!","F","0","0","","","","#REF!","#REF!","F","0","0","","","","#REF!","#REF!","F","0","0","","","","0","F","0","0","","","#REF!","#REF!","#REF!","#REF!","#REF!","#REF!","#REF!","#REF!","#REF!","#REF!","","#REF!","#REF!","#REF!","#REF!","#REF!","#REF!","#REF!","#REF!","#REF!","#REF!","","#REF!","#REF!","PASS"
"CS25142","HARSHAL RAJKUMAR HARINKHEDE","24.00","","","","","","12","12.00","F","NA","","","","","","0","0.00","F","23","29","","","","","","#NUM!","#NUM!","#NUM!","#NUM!","#NUM!","","","","0.00","F","0","0","","","","0.00","F","0","0","","","","","#REF!","#REF!","#REF!","#REF!","","","","0","F","0","0","","","","","","","0","0.00","F","0","0","","","","","","","0","0.00","F","0","0","","","","","","","0","0.00","F","0","0","","","","","","","0","0.00","F","0","0","","","","#REF!","#REF!","F","0","0","","","","#REF!","#REF!","F","0","0","","","","#REF!","#REF!","F","0","0","","","","#REF!","#REF!","F","0","0","","","","0","F","0","0","","","#REF!","#REF!","#REF!","#REF!","#REF!","#REF!","#REF!","#REF!","#REF!","#REF!","","#REF!","#REF!","#REF!","#REF!","#REF!","#REF!","#REF!","#REF!","#REF!","#REF!","","#REF!","#REF!","PASS"
"CS25143","HIMANEE MAHESH DHARMIK","12.00","","","","","","6","6.00","F","NA","","","","","","0","0.00","F","16","28","","","","","","#NUM!","#NUM!","#NUM!","#NUM!","#NUM!","","","","0.00","F","0","0","","","","0.00","F","0","0","","","","","#REF!","#REF!","#REF!","#REF!","","","","0","F","0","0","","","","","","","0","0.00","F","0","0","","","","","","","0","0.00","F","0","0","","","","","","","0","0.00","F","0","0","","","","","","","0","0.00","F","0","0","","","","#REF!","#REF!","F","0","0","","","","#REF!","#REF!","F","0","0","","","","#REF!","#REF!","F","0","0","","","","#REF!","#REF!","F","0","0","","","","0","F","0","0","","","#REF!","#REF!","#REF!","#REF!","#REF!","#REF!","#REF!","#REF!","#REF!","#REF!","","#REF!","#REF!","#REF!","#REF!","#REF!","#REF!","#REF!","#REF!","#REF!","#REF!","","#REF!","#REF!","PASS"
"CS25144","HIMANSHU ANJANIKUMAR SINGH","28.00","","","","","","14","14.00","F","NA","","","","","","0","0.00","F","19","28","","","","","","#NUM!","#NUM!","#NUM!","#NUM!","#NUM!","","","","0.00","F","0","0","","","","0.00","F","0","0","","","","","#REF!","#REF!","#REF!","#REF!","","","","0","F","0","0","","","","","","","0","0.00","F","0","0","","","","","","","0","0.00","F","0","0","","","","","","","0","0.00","F","0","0","","","","","","","0","0.00","F","0","0","","","","#REF!","#REF!","F","0","0","","","","#REF!","#REF!","F","0","0","","","","#REF!","#REF!","F","0","0","","","","#REF!","#REF!","F","0","0","","","","0","F","0","0","","","#REF!","#REF!","#REF!","#REF!","#REF!","#REF!","#REF!","#REF!","#REF!","#REF!","","#REF!","#REF!","#REF!","#REF!","#REF!","#REF!","#REF!","#REF!","#REF!","#REF!","","#REF!","#REF!","PASS"
"CS25145","JAY NARENDRA BALPANDE","11.00","","","","","","6","6.00","F","NA","","","","","","0","0.00","F","10","7","","","","","","#NUM!","#NUM!","#NUM!","#NUM!","#NUM!","","","","0.00","F","0","0","","","","0.00","F","0","0","","","","","#REF!","#REF!","#REF!","#REF!","","","","0","F","0","0","","","","","","","0","0.00","F","0","0","","","","","","","0","0.00","F","0","0","","","","","","","0","0.00","F","0","0","","","","","","","0","0.00","F","0","0","","","","#REF!","#REF!","F","0","0","","","","#REF!","#REF!","F","0","0","","","","#REF!","#REF!","F","0","0","","","","#REF!","#REF!","F","0","0","","","","0","F","0","0","","","#REF!","#REF!","#REF!","#REF!","#REF!","#REF!","#REF!","#REF!","#REF!","#REF!","","#REF!","#REF!","#REF!","#REF!","#REF!","#REF!","#REF!","#REF!","#REF!","#REF!","","#REF!","#REF!","PASS"
"CS25146","KAJAL KRISHNA DHAKATE","5.50","","","","","","3","3.00","F","NA","","","","","","0","0.00","F","10","23","","","","","","#NUM!","#NUM!","#NUM!","#NUM!","#NUM!","","","","0.00","F","0","0","","","","0.00","F","0","0","","","","","#REF!","#REF!","#REF!","#REF!","","","","0","F","0","0","","","","","","","0","0.00","F","0","0","","","","","","","0","0.00","F","0","0","","","","","","","0","0.00","F","0","0","","","","","","","0","0.00","F","0","0","","","","#REF!","#REF!","F","0","0","","","","#REF!","#REF!","F","0","0","","","","#REF!","#REF!","F","0","0","","","","#REF!","#REF!","F","0","0","","","","0","F","0","0","","","#REF!","#REF!","#REF!","#REF!","#REF!","#REF!","#REF!","#REF!","#REF!","#REF!","","#REF!","#REF!","#REF!","#REF!","#REF!","#REF!","#REF!","#REF!","#REF!","#REF!","","#REF!","#REF!","PASS"
"CS25147","KETAKI DEEPAK BARAPATRE","","","","","","","0","0.00","F","AB","","","","","","0","0.00","F","22","22","","","","","","#NUM!","#NUM!","#NUM!","#NUM!","#NUM!","","","","0.00","F","0","0","","","","0.00","F","0","0","","","","","#REF!","#REF!","#REF!","#REF!","","","","0","F","0","0","","","","","","","0","0.00","F","0","0","","","","","","","0","0.00","F","0","0","","","","","","","0","0.00","F","0","0","","","","","","","0","0.00","F","0","0","","","","#REF!","#REF!","F","0","0","","","","#REF!","#REF!","F","0","0","","","","#REF!","#REF!","F","0","0","","","","#REF!","#REF!","F","0","0","","","","0","F","0","0","","","#REF!","#REF!","#REF!","#REF!","#REF!","#REF!","#REF!","#REF!","#REF!","#REF!","","#REF!","#REF!","#REF!","#REF!","#REF!","#REF!","#REF!","#REF!","#REF!","#REF!","","#REF!","#REF!","PASS"
"CS25148","KHUSHBU MORESHWAR HOOD","31.50","","","","","","16","16.00","F","19","","","","","","10","10.00","F","21","30","","","","","","#NUM!","#NUM!","#NUM!","#NUM!","#NUM!","","","","0.00","F","0","0","","","","0.00","F","0","0","","","","","#REF!","#REF!","#REF!","#REF!","","","","0","F","0","0","","","","","","","0","0.00","F","0","0","","","","","","","0","0.00","F","0","0","","","","","","","0","0.00","F","0","0","","","","","","","0","0.00","F","0","0","","","","#REF!","#REF!","F","0","0","","","","#REF!","#REF!","F","0","0","","","","#REF!","#REF!","F","0","0","","","","#REF!","#REF!","F","0","0","","","","0","F","0","0","","","#REF!","#REF!","#REF!","#REF!","#REF!","#REF!","#REF!","#REF!","#REF!","#REF!","","#REF!","#REF!","#REF!","#REF!","#REF!","#REF!","#REF!","#REF!","#REF!","#REF!","","#REF!","#REF!","PASS"
"CS25149","KOSTUBHI VILAS SONKUSARE","10.50","","","","","","5","5.00","F","NA","","","","","","0","0.00","F","8","23","","","","","","#NUM!","#NUM!","#NUM!","#NUM!","#NUM!","","","","0.00","F","0","0","","","","0.00","F","0","0","","","","","#REF!","#REF!","#REF!","#REF!","","","","0","F","0","0","","","","","","","0","0.00","F","0","0","","","","","","","0","0.00","F","0","0","","","","","","","0","0.00","F","0","0","","","","","","","0","0.00","F","0","0","","","","#REF!","#REF!","F","0","0","","","","#REF!","#REF!","F","0","0","","","","#REF!","#REF!","F","0","0","","","","#REF!","#REF!","F","0","0","","","","0","F","0","0","","","#REF!","#REF!","#REF!","#REF!","#REF!","#REF!","#REF!","#REF!","#REF!","#REF!","","#REF!","#REF!","#REF!","#REF!","#REF!","#REF!","#REF!","#REF!","#REF!","#REF!","","#REF!","#REF!","PASS"
"CS25150","KRISH WALMIK BORKAR","35.00","","","","","","18","18.00","F","17","","","","","","9","9.00","F","15","29","","","","","","#NUM!","#NUM!","#NUM!","#NUM!","#NUM!","","","","0.00","F","0","0","","","","0.00","F","0","0","","","","","#REF!","#REF!","#REF!","#REF!","","","","0","F","0","0","","","","","","","0","0.00","F","0","0","","","","","","","0","0.00","F","0","0","","","","","","","0","0.00","F","0","0","","","","","","","0","0.00","F","0","0","","","","#REF!","#REF!","F","0","0","","","","#REF!","#REF!","F","0","0","","","","#REF!","#REF!","F","0","0","","","","#REF!","#REF!","F","0","0","","","","0","F","0","0","","","#REF!","#REF!","#REF!","#REF!","#REF!","#REF!","#REF!","#REF!","#REF!","#REF!","","#REF!","#REF!","#REF!","#REF!","#REF!","#REF!","#REF!","#REF!","#REF!","#REF!","","#REF!","#REF!","PASS"
"CS25151","KRUTIKA CHANDRAKUMAR WASNIK","13.50","","","","","","7","7.00","F","NA","","","","","","0","0.00","F","8","19","","","","","","#NUM!","#NUM!","#NUM!","#NUM!","#NUM!","","","","0.00","F","0","0","","","","0.00","F","0","0","","","","","#REF!","#REF!","#REF!","#REF!","","","","0","F","0","0","","","","","","","0","0.00","F","0","0","","","","","","","0","0.00","F","0","0","","","","","","","0","0.00","F","0","0","","","","","","","0","0.00","F","0","0","","","","#REF!","#REF!","F","0","0","","","","#REF!","#REF!","F","0","0","","","","#REF!","#REF!","F","0","0","","","","#REF!","#REF!","F","0","0","","","","0","F","0","0","","","#REF!","#REF!","#REF!","#REF!","#REF!","#REF!","#REF!","#REF!","#REF!","#REF!","","#REF!","#REF!","#REF!","#REF!","#REF!","#REF!","#REF!","#REF!","#REF!","#REF!","","#REF!","#REF!","PASS"
"CS25152","MAHESHWARI DAYAL MILMILE","9.50","","","","","","5","5.00","F","NA","","","","","","0","0.00","F","13","15","","","","","","#NUM!","#NUM!","#NUM!","#NUM!","#NUM!","","","","0.00","F","0","0","","","","0.00","F","0","0","","","","","#REF!","#REF!","#REF!","#REF!","","","","0","F","0","0","","","","","","","0","0.00","F","0","0","","","","","","","0","0.00","F","0","0","","","","","","","0","0.00","F","0","0","","","","","","","0","0.00","F","0","0","","","","#REF!","#REF!","F","0","0","","","","#REF!","#REF!","F","0","0","","","","#REF!","#REF!","F","0","0","","","","#REF!","#REF!","F","0","0","","","","0","F","0","0","","","#REF!","#REF!","#REF!","#REF!","#REF!","#REF!","#REF!","#REF!","#REF!","#REF!","","#REF!","#REF!","#REF!","#REF!","#REF!","#REF!","#REF!","#REF!","#REF!","#REF!","","#REF!","#REF!","PASS"
"CS25153","MAITHALI SITARAM YADAV","4.00","","","","","","2","2.00","F","NA","","","","","","0","0.00","F","5","3","","","","","","#NUM!","#NUM!","#NUM!","#NUM!","#NUM!","","","","0.00","F","0","0","","","","0.00","F","0","0","","","","","#REF!","#REF!","#REF!","#REF!","","","","0","F","0","0","","","","","","","0","0.00","F","0","0","","","","","","","0","0.00","F","0","0","","","","","","","0","0.00","F","0","0","","","","","","","0","0.00","F","0","0","","","","#REF!","#REF!","F","0","0","","","","#REF!","#REF!","F","0","0","","","","#REF!","#REF!","F","0","0","","","","#REF!","#REF!","F","0","0","","","","0","F","0","0","","","#REF!","#REF!","#REF!","#REF!","#REF!","#REF!","#REF!","#REF!","#REF!","#REF!","","#REF!","#REF!","#REF!","#REF!","#REF!","#REF!","#REF!","#REF!","#REF!","#REF!","","#REF!","#REF!","PASS"
"CS25154","MANSI MORESHWAR NAGBHIDKAR","34.50","","","","","","17","17.00","F","17","","","","","","9","9.00","F","15","20","","","","","","#NUM!","#NUM!","#NUM!","#NUM!","#NUM!","","","","0.00","F","0","0","","","","0.00","F","0","0","","","","","#REF!","#REF!","#REF!","#REF!","","","","0","F","0","0","","","","","","","0","0.00","F","0","0","","","","","","","0","0.00","F","0","0","","","","","","","0","0.00","F","0","0","","","","","","","0","0.00","F","0","0","","","","#REF!","#REF!","F","0","0","","","","#REF!","#REF!","F","0","0","","","","#REF!","#REF!","F","0","0","","","","#REF!","#REF!","F","0","0","","","","0","F","0","0","","","#REF!","#REF!","#REF!","#REF!","#REF!","#REF!","#REF!","#REF!","#REF!","#REF!","","#REF!","#REF!","#REF!","#REF!","#REF!","#REF!","#REF!","#REF!","#REF!","#REF!","","#REF!","#REF!","PASS"
"CS25155","MAZI SNEHSHRI RATAN","13.00","","","","","","7","7.00","F","NA","","","","","","0","0.00","F","10","10","","","","","","#NUM!","#NUM!","#NUM!","#NUM!","#NUM!","","","","0.00","F","0","0","","","","0.00","F","0","0","","","","","#REF!","#REF!","#REF!","#REF!","","","","0","F","0","0","","","","","","","0","0.00","F","0","0","","","","","","","0","0.00","F","0","0","","","","","","","0","0.00","F","0","0","","","","","","","0","0.00","F","0","0","","","","#REF!","#REF!","F","0","0","","","","#REF!","#REF!","F","0","0","","","","#REF!","#REF!","F","0","0","","","","#REF!","#REF!","F","0","0","","","","0","F","0","0","","","#REF!","#REF!","#REF!","#REF!","#REF!","#REF!","#REF!","#REF!","#REF!","#REF!","","#REF!","#REF!","#REF!","#REF!","#REF!","#REF!","#REF!","#REF!","#REF!","#REF!","","#REF!","#REF!","PASS"
"CS25156","MOHD MAAZ MUDASSAR KHAN","12.50","","","","","","6","6.00","F","NA","","","","","","0","0.00","F","19","9","","","","","","#NUM!","#NUM!","#NUM!","#NUM!","#NUM!","","","","0.00","F","0","0","","","","0.00","F","0","0","","","","","#REF!","#REF!","#REF!","#REF!","","","","0","F","0","0","","","","","","","0","0.00","F","0","0","","","","","","","0","0.00","F","0","0","","","","","","","0","0.00","F","0","0","","","","","","","0","0.00","F","0","0","","","","#REF!","#REF!","F","0","0","","","","#REF!","#REF!","F","0","0","","","","#REF!","#REF!","F","0","0","","","","#REF!","#REF!","F","0","0","","","","0","F","0","0","","","#REF!","#REF!","#REF!","#REF!","#REF!","#REF!","#REF!","#REF!","#REF!","#REF!","","#REF!","#REF!","#REF!","#REF!","#REF!","#REF!","#REF!","#REF!","#REF!","#REF!","","#REF!","#REF!","PASS"
"CS25157","MOLYANI PAWAN PANDE","7.00","","","","","","4","4.00","F","NA","","","","","","0","0.00","F","8","23","","","","","","#NUM!","#NUM!","#NUM!","#NUM!","#NUM!","","","","0.00","F","0","0","","","","0.00","F","0","0","","","","","#REF!","#REF!","#REF!","#REF!","","","","0","F","0","0","","","","","","","0","0.00","F","0","0","","","","","","","0","0.00","F","0","0","","","","","","","0","0.00","F","0","0","","","","","","","0","0.00","F","0","0","","","","#REF!","#REF!","F","0","0","","","","#REF!","#REF!","F","0","0","","","","#REF!","#REF!","F","0","0","","","","#REF!","#REF!","F","0","0","","","","0","F","0","0","","","#REF!","#REF!","#REF!","#REF!","#REF!","#REF!","#REF!","#REF!","#REF!","#REF!","","#REF!","#REF!","#REF!","#REF!","#REF!","#REF!","#REF!","#REF!","#REF!","#REF!","","#REF!","#REF!","PASS"
"CS25158","OM SATISH NIPANE","25.50","","","","","","13","13.00","F","NA","","","","","","0","0.00","F","8","26","","","","","","#NUM!","#NUM!","#NUM!","#NUM!","#NUM!","","","","0.00","F","0","0","","","","0.00","F","0","0","","","","","#REF!","#REF!","#REF!","#REF!","","","","0","F","0","0","","","","","","","0","0.00","F","0","0","","","","","","","0","0.00","F","0","0","","","","","","","0","0.00","F","0","0","","","","","","","0","0.00","F","0","0","","","","#REF!","#REF!","F","0","0","","","","#REF!","#REF!","F","0","0","","","","#REF!","#REF!","F","0","0","","","","#REF!","#REF!","F","0","0","","","","0","F","0","0","","","#REF!","#REF!","#REF!","#REF!","#REF!","#REF!","#REF!","#REF!","#REF!","#REF!","","#REF!","#REF!","#REF!","#REF!","#REF!","#REF!","#REF!","#REF!","#REF!","#REF!","","#REF!","#REF!","PASS"
"CS25159","PARINITA MILIND WELEKAR","31.50","","","","","","16","16.00","F","16","","","","","","8","8.00","F","20","29","","","","","","#NUM!","#NUM!","#NUM!","#NUM!","#NUM!","","","","0.00","F","0","0","","","","0.00","F","0","0","","","","","#REF!","#REF!","#REF!","#REF!","","","","0","F","0","0","","","","","","","0","0.00","F","0","0","","","","","","","0","0.00","F","0","0","","","","","","","0","0.00","F","0","0","","","","","","","0","0.00","F","0","0","","","","#REF!","#REF!","F","0","0","","","","#REF!","#REF!","F","0","0","","","","#REF!","#REF!","F","0","0","","","","#REF!","#REF!","F","0","0","","","","0","F","0","0","","","#REF!","#REF!","#REF!","#REF!","#REF!","#REF!","#REF!","#REF!","#REF!","#REF!","","#REF!","#REF!","#REF!","#REF!","#REF!","#REF!","#REF!","#REF!","#REF!","#REF!","","#REF!","#REF!","PASS"
"CS25160","POONAM SUDHIR BANDE","11.50","","","","","","6","6.00","F","NA","","","","","","0","0.00","F","8","23","","","","","","#NUM!","#NUM!","#NUM!","#NUM!","#NUM!","","","","0.00","F","0","0","","","","0.00","F","0","0","","","","","#REF!","#REF!","#REF!","#REF!","","","","0","F","0","0","","","","","","","0","0.00","F","0","0","","","","","","","0","0.00","F","0","0","","","","","","","0","0.00","F","0","0","","","","","","","0","0.00","F","0","0","","","","#REF!","#REF!","F","0","0","","","","#REF!","#REF!","F","0","0","","","","#REF!","#REF!","F","0","0","","","","#REF!","#REF!","F","0","0","","","","0","F","0","0","","","#REF!","#REF!","#REF!","#REF!","#REF!","#REF!","#REF!","#REF!","#REF!","#REF!","","#REF!","#REF!","#REF!","#REF!","#REF!","#REF!","#REF!","#REF!","#REF!","#REF!","","#REF!","#REF!","PASS"
"CS25161","PRACHI RUPESH BAJORIA","21.00","","","","","","11","11.00","F","NA","","","","","","0","0.00","F","12","6","","","","","","#NUM!","#NUM!","#NUM!","#NUM!","#NUM!","","","","0.00","F","0","0","","","","0.00","F","0","0","","","","","#REF!","#REF!","#REF!","#REF!","","","","0","F","0","0","","","","","","","0","0.00","F","0","0","","","","","","","0","0.00","F","0","0","","","","","","","0","0.00","F","0","0","","","","","","","0","0.00","F","0","0","","","","#REF!","#REF!","F","0","0","","","","#REF!","#REF!","F","0","0","","","","#REF!","#REF!","F","0","0","","","","#REF!","#REF!","F","0","0","","","","0","F","0","0","","","#REF!","#REF!","#REF!","#REF!","#REF!","#REF!","#REF!","#REF!","#REF!","#REF!","","#REF!","#REF!","#REF!","#REF!","#REF!","#REF!","#REF!","#REF!","#REF!","#REF!","","#REF!","#REF!","PASS"
"CS25162","PRAJWAL GAJENDRA SOMKUWAR","10.00","","","","","","5","5.00","F","NA","","","","","","0","0.00","F","10","5","","","","","","#NUM!","#NUM!","#NUM!","#NUM!","#NUM!","","","","0.00","F","0","0","","","","0.00","F","0","0","","","","","#REF!","#REF!","#REF!","#REF!","","","","0","F","0","0","","","","","","","0","0.00","F","0","0","","","","","","","0","0.00","F","0","0","","","","","","","0","0.00","F","0","0","","","","","","","0","0.00","F","0","0","","","","#REF!","#REF!","F","0","0","","","","#REF!","#REF!","F","0","0","","","","#REF!","#REF!","F","0","0","","","","#REF!","#REF!","F","0","0","","","","0","F","0","0","","","#REF!","#REF!","#REF!","#REF!","#REF!","#REF!","#REF!","#REF!","#REF!","#REF!","","#REF!","#REF!","#REF!","#REF!","#REF!","#REF!","#REF!","#REF!","#REF!","#REF!","","#REF!","#REF!","PASS"
"CS25163","PRATHMESH VIJAY LONARKAR","4.50","","","","","","2","2.00","F","NA","","","","","","0","0.00","F","5","8","","","","","","#NUM!","#NUM!","#NUM!","#NUM!","#NUM!","","","","0.00","F","0","0","","","","0.00","F","0","0","","","","","#REF!","#REF!","#REF!","#REF!","","","","0","F","0","0","","","","","","","0","0.00","F","0","0","","","","","","","0","0.00","F","0","0","","","","","","","0","0.00","F","0","0","","","","","","","0","0.00","F","0","0","","","","#REF!","#REF!","F","0","0","","","","#REF!","#REF!","F","0","0","","","","#REF!","#REF!","F","0","0","","","","#REF!","#REF!","F","0","0","","","","0","F","0","0","","","#REF!","#REF!","#REF!","#REF!","#REF!","#REF!","#REF!","#REF!","#REF!","#REF!","","#REF!","#REF!","#REF!","#REF!","#REF!","#REF!","#REF!","#REF!","#REF!","#REF!","","#REF!","#REF!","PASS"
"CS25164","PRESHITA TIKARAM KOHAD","11.00","","","","","","6","6.00","F","NA","","","","","","0","0.00","F","8","1","","","","","","#NUM!","#NUM!","#NUM!","#NUM!","#NUM!","","","","0.00","F","0","0","","","","0.00","F","0","0","","","","","#REF!","#REF!","#REF!","#REF!","","","","0","F","0","0","","","","","","","0","0.00","F","0","0","","","","","","","0","0.00","F","0","0","","","","","","","0","0.00","F","0","0","","","","","","","0","0.00","F","0","0","","","","#REF!","#REF!","F","0","0","","","","#REF!","#REF!","F","0","0","","","","#REF!","#REF!","F","0","0","","","","#REF!","#REF!","F","0","0","","","","0","F","0","0","","","#REF!","#REF!","#REF!","#REF!","#REF!","#REF!","#REF!","#REF!","#REF!","#REF!","","#REF!","#REF!","#REF!","#REF!","#REF!","#REF!","#REF!","#REF!","#REF!","#REF!","","#REF!","#REF!","PASS"
"CS25165","PRIYASHI PANKAJ SONI","31.00","","","","","","16","16.00","F","NA","","","","","","0","0.00","F","19","23","","","","","","#NUM!","#NUM!","#NUM!","#NUM!","#NUM!","","","","0.00","F","0","0","","","","0.00","F","0","0","","","","","#REF!","#REF!","#REF!","#REF!","","","","0","F","0","0","","","","","","","0","0.00","F","0","0","","","","","","","0","0.00","F","0","0","","","","","","","0","0.00","F","0","0","","","","","","","0","0.00","F","0","0","","","","#REF!","#REF!","F","0","0","","","","#REF!","#REF!","F","0","0","","","","#REF!","#REF!","F","0","0","","","","#REF!","#REF!","F","0","0","","","","0","F","0","0","","","#REF!","#REF!","#REF!","#REF!","#REF!","#REF!","#REF!","#REF!","#REF!","#REF!","","#REF!","#REF!","#REF!","#REF!","#REF!","#REF!","#REF!","#REF!","#REF!","#REF!","","#REF!","#REF!","PASS"
"CS25166","RIYA PRATAPSINGH CHAUHAN","21.00","","","","","","11","11.00","F","NA","","","","","","0","0.00","F","14","9","","","","","","#NUM!","#NUM!","#NUM!","#NUM!","#NUM!","","","","0.00","F","0","0","","","","0.00","F","0","0","","","","","#REF!","#REF!","#REF!","#REF!","","","","0","F","0","0","","","","","","","0","0.00","F","0","0","","","","","","","0","0.00","F","0","0","","","","","","","0","0.00","F","0","0","","","","","","","0","0.00","F","0","0","","","","#REF!","#REF!","F","0","0","","","","#REF!","#REF!","F","0","0","","","","#REF!","#REF!","F","0","0","","","","#REF!","#REF!","F","0","0","","","","0","F","0","0","","","#REF!","#REF!","#REF!","#REF!","#REF!","#REF!","#REF!","#REF!","#REF!","#REF!","","#REF!","#REF!","#REF!","#REF!","#REF!","#REF!","#REF!","#REF!","#REF!","#REF!","","#REF!","#REF!","PASS"
"CS25167","RIYA SURESH BIHANI","22.00","","","","","","11","11.00","F","NA","","","","","","0","0.00","F","7","14","","","","","","#NUM!","#NUM!","#NUM!","#NUM!","#NUM!","","","","0.00","F","0","0","","","","0.00","F","0","0","","","","","#REF!","#REF!","#REF!","#REF!","","","","0","F","0","0","","","","","","","0","0.00","F","0","0","","","","","","","0","0.00","F","0","0","","","","","","","0","0.00","F","0","0","","","","","","","0","0.00","F","0","0","","","","#REF!","#REF!","F","0","0","","","","#REF!","#REF!","F","0","0","","","","#REF!","#REF!","F","0","0","","","","#REF!","#REF!","F","0","0","","","","0","F","0","0","","","#REF!","#REF!","#REF!","#REF!","#REF!","#REF!","#REF!","#REF!","#REF!","#REF!","","#REF!","#REF!","#REF!","#REF!","#REF!","#REF!","#REF!","#REF!","#REF!","#REF!","","#REF!","#REF!","PASS"
"CS25168","RUKHSAR ASHIK MALADHARI","17.00","","","","","","9","9.00","F","NA","","","","","","0","0.00","F","6","6","","","","","","#NUM!","#NUM!","#NUM!","#NUM!","#NUM!","","","","0.00","F","0","0","","","","0.00","F","0","0","","","","","#REF!","#REF!","#REF!","#REF!","","","","0","F","0","0","","","","","","","0","0.00","F","0","0","","","","","","","0","0.00","F","0","0","","","","","","","0","0.00","F","0","0","","","","","","","0","0.00","F","0","0","","","","#REF!","#REF!","F","0","0","","","","#REF!","#REF!","F","0","0","","","","#REF!","#REF!","F","0","0","","","","#REF!","#REF!","F","0","0","","","","0","F","0","0","","","#REF!","#REF!","#REF!","#REF!","#REF!","#REF!","#REF!","#REF!","#REF!","#REF!","","#REF!","#REF!","#REF!","#REF!","#REF!","#REF!","#REF!","#REF!","#REF!","#REF!","","#REF!","#REF!","PASS"
"CS25169","SAKSHI RAJESH SANDEL","18.00","","","","","","9","9.00","F","NA","","","","","","0","0.00","F","","7","","","","","","#NUM!","#NUM!","#NUM!","#NUM!","#NUM!","","","","0.00","F","0","0","","","","0.00","F","0","0","","","","","#REF!","#REF!","#REF!","#REF!","","","","0","F","0","0","","","","","","","0","0.00","F","0","0","","","","","","","0","0.00","F","0","0","","","","","","","0","0.00","F","0","0","","","","","","","0","0.00","F","0","0","","","","#REF!","#REF!","F","0","0","","","","#REF!","#REF!","F","0","0","","","","#REF!","#REF!","F","0","0","","","","#REF!","#REF!","F","0","0","","","","0","F","0","0","","","#REF!","#REF!","#REF!","#REF!","#REF!","#REF!","#REF!","#REF!","#REF!","#REF!","","#REF!","#REF!","#REF!","#REF!","#REF!","#REF!","#REF!","#REF!","#REF!","#REF!","","#REF!","#REF!","PASS"
"CS25170","SAMEER SUBHAN MAHAJAN","23.50","","","","","","12","12.00","F","NA","","","","","","0","0.00","F","9","27","","","","","","#NUM!","#NUM!","#NUM!","#NUM!","#NUM!","","","","0.00","F","0","0","","","","0.00","F","0","0","","","","","#REF!","#REF!","#REF!","#REF!","","","","0","F","0","0","","","","","","","0","0.00","F","0","0","","","","","","","0","0.00","F","0","0","","","","","","","0","0.00","F","0","0","","","","","","","0","0.00","F","0","0","","","","#REF!","#REF!","F","0","0","","","","#REF!","#REF!","F","0","0","","","","#REF!","#REF!","F","0","0","","","","#REF!","#REF!","F","0","0","","","","0","F","0","0","","","#REF!","#REF!","#REF!","#REF!","#REF!","#REF!","#REF!","#REF!","#REF!","#REF!","","#REF!","#REF!","#REF!","#REF!","#REF!","#REF!","#REF!","#REF!","#REF!","#REF!","","#REF!","#REF!","PASS"
"CS25171","SANKET SHANKAR BARAI","14.00","","","","","","7","7.00","F","NA","","","","","","0","0.00","F","9","4","","","","","","#NUM!","#NUM!","#NUM!","#NUM!","#NUM!","","","","0.00","F","0","0","","","","0.00","F","0","0","","","","","#REF!","#REF!","#REF!","#REF!","","","","0","F","0","0","","","","","","","0","0.00","F","0","0","","","","","","","0","0.00","F","0","0","","","","","","","0","0.00","F","0","0","","","","","","","0","0.00","F","0","0","","","","#REF!","#REF!","F","0","0","","","","#REF!","#REF!","F","0","0","","","","#REF!","#REF!","F","0","0","","","","#REF!","#REF!","F","0","0","","","","0","F","0","0","","","#REF!","#REF!","#REF!","#REF!","#REF!","#REF!","#REF!","#REF!","#REF!","#REF!","","#REF!","#REF!","#REF!","#REF!","#REF!","#REF!","#REF!","#REF!","#REF!","#REF!","","#REF!","#REF!","PASS"
"CS25172","SARAKSHI SANJAY MISHRA","21.00","","","","","","11","11.00","F","NA","","","","","","0","0.00","F","14","27","","","","","","#NUM!","#NUM!","#NUM!","#NUM!","#NUM!","","","","0.00","F","0","0","","","","0.00","F","0","0","","","","","#REF!","#REF!","#REF!","#REF!","","","","0","F","0","0","","","","","","","0","0.00","F","0","0","","","","","","","0","0.00","F","0","0","","","","","","","0","0.00","F","0","0","","","","","","","0","0.00","F","0","0","","","","#REF!","#REF!","F","0","0","","","","#REF!","#REF!","F","0","0","","","","#REF!","#REF!","F","0","0","","","","#REF!","#REF!","F","0","0","","","","0","F","0","0","","","#REF!","#REF!","#REF!","#REF!","#REF!","#REF!","#REF!","#REF!","#REF!","#REF!","","#REF!","#REF!","#REF!","#REF!","#REF!","#REF!","#REF!","#REF!","#REF!","#REF!","","#REF!","#REF!","PASS"
"CS25173","SAURABH SANJAY SATPHALE","10.00","","","","","","5","5.00","F","NA","","","","","","0","0.00","F","","15","","","","","","#NUM!","#NUM!","#NUM!","#NUM!","#NUM!","","","","0.00","F","0","0","","","","0.00","F","0","0","","","","","#REF!","#REF!","#REF!","#REF!","","","","0","F","0","0","","","","","","","0","0.00","F","0","0","","","","","","","0","0.00","F","0","0","","","","","","","0","0.00","F","0","0","","","","","","","0","0.00","F","0","0","","","","#REF!","#REF!","F","0","0","","","","#REF!","#REF!","F","0","0","","","","#REF!","#REF!","F","0","0","","","","#REF!","#REF!","F","0","0","","","","0","F","0","0","","","#REF!","#REF!","#REF!","#REF!","#REF!","#REF!","#REF!","#REF!","#REF!","#REF!","","#REF!","#REF!","#REF!","#REF!","#REF!","#REF!","#REF!","#REF!","#REF!","#REF!","","#REF!","#REF!","PASS"
"CS25176","SHREYA SACHIN NIMBALKAR","23.00","","","","","","12","12.00","F","NA","","","","","","0","0.00","F","7","29","","","","","","#NUM!","#NUM!","#NUM!","#NUM!","#NUM!","","","","0.00","F","0","0","","","","0.00","F","0","0","","","","","#REF!","#REF!","#REF!","#REF!","","","","0","F","0","0","","","","","","","0","0.00","F","0","0","","","","","","","0","0.00","F","0","0","","","","","","","0","0.00","F","0","0","","","","","","","0","0.00","F","0","0","","","","#REF!","#REF!","F","0","0","","","","#REF!","#REF!","F","0","0","","","","#REF!","#REF!","F","0","0","","","","#REF!","#REF!","F","0","0","","","","0","F","0","0","","","#REF!","#REF!","#REF!","#REF!","#REF!","#REF!","#REF!","#REF!","#REF!","#REF!","","#REF!","#REF!","#REF!","#REF!","#REF!","#REF!","#REF!","#REF!","#REF!","#REF!","","#REF!","#REF!","PASS"
"CS25177","SHRUTIKA DIPAK SAWANKAR","11.50","","","","","","6","6.00","F","NA","","","","","","0","0.00","F","7","19","","","","","","#NUM!","#NUM!","#NUM!","#NUM!","#NUM!","","","","0.00","F","0","0","","","","0.00","F","0","0","","","","","#REF!","#REF!","#REF!","#REF!","","","","0","F","0","0","","","","","","","0","0.00","F","0","0","","","","","","","0","0.00","F","0","0","","","","","","","0","0.00","F","0","0","","","","","","","0","0.00","F","0","0","","","","#REF!","#REF!","F","0","0","","","","#REF!","#REF!","F","0","0","","","","#REF!","#REF!","F","0","0","","","","#REF!","#REF!","F","0","0","","","","0","F","0","0","","","#REF!","#REF!","#REF!","#REF!","#REF!","#REF!","#REF!","#REF!","#REF!","#REF!","","#REF!","#REF!","#REF!","#REF!","#REF!","#REF!","#REF!","#REF!","#REF!","#REF!","","#REF!","#REF!","PASS"
"CS25178","SIDDHESH UMESH NERKAR","18.00","","","","","","9","9.00","F","NA","","","","","","0","0.00","F","15","12","","","","","","#NUM!","#NUM!","#NUM!","#NUM!","#NUM!","","","","0.00","F","0","0","","","","0.00","F","0","0","","","","","#REF!","#REF!","#REF!","#REF!","","","","0","F","0","0","","","","","","","0","0.00","F","0","0","","","","","","","0","0.00","F","0","0","","","","","","","0","0.00","F","0","0","","","","","","","0","0.00","F","0","0","","","","#REF!","#REF!","F","0","0","","","","#REF!","#REF!","F","0","0","","","","#REF!","#REF!","F","0","0","","","","#REF!","#REF!","F","0","0","","","","0","F","0","0","","","#REF!","#REF!","#REF!","#REF!","#REF!","#REF!","#REF!","#REF!","#REF!","#REF!","","#REF!","#REF!","#REF!","#REF!","#REF!","#REF!","#REF!","#REF!","#REF!","#REF!","","#REF!","#REF!","PASS"
"CS25179","TANIYA RAJESH SINHA","17.50","","","","","","9","9.00","F","20","","","","","","10","10.00","F","14","26","","","","","","#NUM!","#NUM!","#NUM!","#NUM!","#NUM!","","","","0.00","F","0","0","","","","0.00","F","0","0","","","","","#REF!","#REF!","#REF!","#REF!","","","","0","F","0","0","","","","","","","0","0.00","F","0","0","","","","","","","0","0.00","F","0","0","","","","","","","0","0.00","F","0","0","","","","","","","0","0.00","F","0","0","","","","#REF!","#REF!","F","0","0","","","","#REF!","#REF!","F","0","0","","","","#REF!","#REF!","F","0","0","","","","#REF!","#REF!","F","0","0","","","","0","F","0","0","","","#REF!","#REF!","#REF!","#REF!","#REF!","#REF!","#REF!","#REF!","#REF!","#REF!","","#REF!","#REF!","#REF!","#REF!","#REF!","#REF!","#REF!","#REF!","#REF!","#REF!","","#REF!","#REF!","PASS"
"CS25180","TANUSHREE RAVINDRA DHOLE","30.50","","","","","","15","15.00","F","NA","","","","","","0","0.00","F","14","20","","","","","","#NUM!","#NUM!","#NUM!","#NUM!","#NUM!","","","","0.00","F","0","0","","","","0.00","F","0","0","","","","","#REF!","#REF!","#REF!","#REF!","","","","0","F","0","0","","","","","","","0","0.00","F","0","0","","","","","","","0","0.00","F","0","0","","","","","","","0","0.00","F","0","0","","","","","","","0","0.00","F","0","0","","","","#REF!","#REF!","F","0","0","","","","#REF!","#REF!","F","0","0","","","","#REF!","#REF!","F","0","0","","","","#REF!","#REF!","F","0","0","","","","0","F","0","0","","","#REF!","#REF!","#REF!","#REF!","#REF!","#REF!","#REF!","#REF!","#REF!","#REF!","","#REF!","#REF!","#REF!","#REF!","#REF!","#REF!","#REF!","#REF!","#REF!","#REF!","","#REF!","#REF!","PASS"
"CS25181","TUSHAR GAJENDRA SHANWARE","17.50","","","","","","9","9.00","F","NA","","","","","","0","0.00","F","9","9","","","","","","#NUM!","#NUM!","#NUM!","#NUM!","#NUM!","","","","0.00","F","0","0","","","","0.00","F","0","0","","","","","#REF!","#REF!","#REF!","#REF!","","","","0","F","0","0","","","","","","","0","0.00","F","0","0","","","","","","","0","0.00","F","0","0","","","","","","","0","0.00","F","0","0","","","","","","","0","0.00","F","0","0","","","","#REF!","#REF!","F","0","0","","","","#REF!","#REF!","F","0","0","","","","#REF!","#REF!","F","0","0","","","","#REF!","#REF!","F","0","0","","","","0","F","0","0","","","#REF!","#REF!","#REF!","#REF!","#REF!","#REF!","#REF!","#REF!","#REF!","#REF!","","#REF!","#REF!","#REF!","#REF!","#REF!","#REF!","#REF!","#REF!","#REF!","#REF!","","#REF!","#REF!","PASS"
"CS25182","TUSHAR KISHOR PAL","17.50","","","","","","9","9.00","F","NA","","","","","","0","0.00","F","","16","","","","","","#NUM!","#NUM!","#NUM!","#NUM!","#NUM!","","","","0.00","F","0","0","","","","0.00","F","0","0","","","","","#REF!","#REF!","#REF!","#REF!","","","","0","F","0","0","","","","","","","0","0.00","F","0","0","","","","","","","0","0.00","F","0","0","","","","","","","0","0.00","F","0","0","","","","","","","0","0.00","F","0","0","","","","#REF!","#REF!","F","0","0","","","","#REF!","#REF!","F","0","0","","","","#REF!","#REF!","F","0","0","","","","#REF!","#REF!","F","0","0","","","","0","F","0","0","","","#REF!","#REF!","#REF!","#REF!","#REF!","#REF!","#REF!","#REF!","#REF!","#REF!","","#REF!","#REF!","#REF!","#REF!","#REF!","#REF!","#REF!","#REF!","#REF!","#REF!","","#REF!","#REF!","PASS"
"CS25183","TWINKLE HEMRAJ PAWAR","26.50","","","","","","13","13.00","F","NA","","","","","","0","0.00","F","25","29","","","","","","#NUM!","#NUM!","#NUM!","#NUM!","#NUM!","","","","0.00","F","0","0","","","","0.00","F","0","0","","","","","#REF!","#REF!","#REF!","#REF!","","","","0","F","0","0","","","","","","","0","0.00","F","0","0","","","","","","","0","0.00","F","0","0","","","","","","","0","0.00","F","0","0","","","","","","","0","0.00","F","0","0","","","","#REF!","#REF!","F","0","0","","","","#REF!","#REF!","F","0","0","","","","#REF!","#REF!","F","0","0","","","","#REF!","#REF!","F","0","0","","","","0","F","0","0","","","#REF!","#REF!","#REF!","#REF!","#REF!","#REF!","#REF!","#REF!","#REF!","#REF!","","#REF!","#REF!","#REF!","#REF!","#REF!","#REF!","#REF!","#REF!","#REF!","#REF!","","#REF!","#REF!","PASS"
"CS25184","UDAY DILIP WANDHARE","29.50","","","","","","15","15.00","F","NA","","","","","","0","0.00","F","24","8","","","","","","#NUM!","#NUM!","#NUM!","#NUM!","#NUM!","","","","0.00","F","0","0","","","","0.00","F","0","0","","","","","#REF!","#REF!","#REF!","#REF!","","","","0","F","0","0","","","","","","","0","0.00","F","0","0","","","","","","","0","0.00","F","0","0","","","","","","","0","0.00","F","0","0","","","","","","","0","0.00","F","0","0","","","","#REF!","#REF!","F","0","0","","","","#REF!","#REF!","F","0","0","","","","#REF!","#REF!","F","0","0","","","","#REF!","#REF!","F","0","0","","","","0","F","0","0","","","#REF!","#REF!","#REF!","#REF!","#REF!","#REF!","#REF!","#REF!","#REF!","#REF!","","#REF!","#REF!","#REF!","#REF!","#REF!","#REF!","#REF!","#REF!","#REF!","#REF!","","#REF!","#REF!","PASS"
"CS25185","UJJWAL CHANDRASHEKHAR HAWARE","30.00","","","","","","15","15.00","F","NA","","","","","","0","0.00","F","14","12","","","","","","#NUM!","#NUM!","#NUM!","#NUM!","#NUM!","","","","0.00","F","0","0","","","","0.00","F","0","0","","","","","#REF!","#REF!","#REF!","#REF!","","","","0","F","0","0","","","","","","","0","0.00","F","0","0","","","","","","","0","0.00","F","0","0","","","","","","","0","0.00","F","0","0","","","","","","","0","0.00","F","0","0","","","","#REF!","#REF!","F","0","0","","","","#REF!","#REF!","F","0","0","","","","#REF!","#REF!","F","0","0","","","","#REF!","#REF!","F","0","0","","","","0","F","0","0","","","#REF!","#REF!","#REF!","#REF!","#REF!","#REF!","#REF!","#REF!","#REF!","#REF!","","#REF!","#REF!","#REF!","#REF!","#REF!","#REF!","#REF!","#REF!","#REF!","#REF!","","#REF!","#REF!","PASS"
"CS25186","VAIDEHI DHANANJAY PADOLE","5.50","","","","","","3","3.00","F","NA","","","","","","0","0.00","F","11","5","","","","","","#NUM!","#NUM!","#NUM!","#NUM!","#NUM!","","","","0.00","F","0","0","","","","0.00","F","0","0","","","","","#REF!","#REF!","#REF!","#REF!","","","","0","F","0","0","","","","","","","0","0.00","F","0","0","","","","","","","0","0.00","F","0","0","","","","","","","0","0.00","F","0","0","","","","","","","0","0.00","F","0","0","","","","#REF!","#REF!","F","0","0","","","","#REF!","#REF!","F","0","0","","","","#REF!","#REF!","F","0","0","","","","#REF!","#REF!","F","0","0","","","","0","F","0","0","","","#REF!","#REF!","#REF!","#REF!","#REF!","#REF!","#REF!","#REF!","#REF!","#REF!","","#REF!","#REF!","#REF!","#REF!","#REF!","#REF!","#REF!","#REF!","#REF!","#REF!","","#REF!","#REF!","PASS"
"CS25187","VEDANT RAJU CHAFALE","","","","","","","0","0.00","F","NA","","","","","","0","0.00","F","10","12","","","","","","#NUM!","#NUM!","#NUM!","#NUM!","#NUM!","","","","0.00","F","0","0","","","","0.00","F","0","0","","","","","#REF!","#REF!","#REF!","#REF!","","","","0","F","0","0","","","","","","","0","0.00","F","0","0","","","","","","","0","0.00","F","0","0","","","","","","","0","0.00","F","0","0","","","","","","","0","0.00","F","0","0","","","","#REF!","#REF!","F","0","0","","","","#REF!","#REF!","F","0","0","","","","#REF!","#REF!","F","0","0","","","","#REF!","#REF!","F","0","0","","","","0","F","0","0","","","#REF!","#REF!","#REF!","#REF!","#REF!","#REF!","#REF!","#REF!","#REF!","#REF!","","#REF!","#REF!","#REF!","#REF!","#REF!","#REF!","#REF!","#REF!","#REF!","#REF!","","#REF!","#REF!","PASS"
"CS25188","VEDANTH LAXMAN PASPULWAR","9.00","","","","","","5","5.00","F","NA","","","","","","0","0.00","F","13","8","","","","","","#NUM!","#NUM!","#NUM!","#NUM!","#NUM!","","","","0.00","F","0","0","","","","0.00","F","0","0","","","","","#REF!","#REF!","#REF!","#REF!","","","","0","F","0","0","","","","","","","0","0.00","F","0","0","","","","","","","0","0.00","F","0","0","","","","","","","0","0.00","F","0","0","","","","","","","0","0.00","F","0","0","","","","#REF!","#REF!","F","0","0","","","","#REF!","#REF!","F","0","0","","","","#REF!","#REF!","F","0","0","","","","#REF!","#REF!","F","0","0","","","","0","F","0","0","","","#REF!","#REF!","#REF!","#REF!","#REF!","#REF!","#REF!","#REF!","#REF!","#REF!","","#REF!","#REF!","#REF!","#REF!","#REF!","#REF!","#REF!","#REF!","#REF!","#REF!","","#REF!","#REF!","PASS"
"CS25189","YASHSWEETA LOKCHAND KAWLE","25.00","","","","","","13","13.00","F","NA","","","","","","0","0.00","F","","","","","","","","","","","","","","","","0.00","F","0","0","","","","0.00","F","0","0","","","","","#REF!","#REF!","#REF!","#REF!","","","","0","F","0","0","","","","","","","0","0.00","F","0","0","","","","","","","0","0.00","F","0","0","","","","","","","0","0.00","F","0","0","","","","","","","0","0.00","F","0","0","","","","#REF!","#REF!","F","0","0","","","","#REF!","#REF!","F","0","0","","","","#REF!","#REF!","F","0","0","","","","#REF!","#REF!","F","0","0","","","","0","F","0","0","","","#REF!","#REF!","#REF!","#REF!","#REF!","#REF!","#REF!","#REF!","#REF!","#REF!","","#REF!","#REF!","#REF!","#REF!","#REF!","#REF!","#REF!","#REF!","#REF!","#REF!","","#REF!","#REF!","PASS"
"CS25190","ZEBA ZAFARULLAH BAIG","32.00","","","","","","16","16.00","F","17.5","","","","","","9","9.00","F","","","","","","","","","","","","","","","","0.00","F","0","0","","","","0.00","F","0","0","","","","","#REF!","#REF!","#REF!","#REF!","","","","0","F","0","0","","","","","","","0","0.00","F","0","0","","","","","","","0","0.00","F","0","0","","","","","","","0","0.00","F","0","0","","","","","","","0","0.00","F","0","0","","","","#REF!","#REF!","F","0","0","","","","#REF!","#REF!","F","0","0","","","","#REF!","#REF!","F","0","0","","","","#REF!","#REF!","F","0","0","","","","0","F","0","0","","","#REF!","#REF!","#REF!","#REF!","#REF!","#REF!","#REF!","#REF!","#REF!","#REF!","","#REF!","#REF!","#REF!","#REF!","#REF!","#REF!","#REF!","#REF!","#REF!","#REF!","","#REF!","#REF!","PASS"
"","","","","","","","","","","","","","","","","","","","","","","","","","","","","","","","","","","","","","","","","","","","","","","","","","","","","","","","","","","","","","","","","","","","","","","","","","","","","","","","","","","","","","","","","","","","","","","","","","","","","","","","","","","","","","","","","","","","","","","","","","","","","","","","","","","","","","","","","","","","","0","F","0","0","","","","","","","","","","","","","","","","","","","","","","","","","","",""
"","","","","","","","","","","","","","","","","","","","","","","","","","","","","","","","","","","","","","","","","","","","","","","","","","","","","","","","","","","","","","","","","","","","","","","","","","","","","","","","","","","","","","","","","","","","","","","","","","","","","","","","","","","","","","","","","","","","","","","","","","","","","","","","","","","","","","","","","","","","","0","F","0","0","","","","","","","","","","","","","","","","","","","","","","","","","","",""